temperature,vibration,usage_hours,motor_speed,has_error,usage_duration,error,maintenance_label
40.43773663803545,0.42639524456339795,111.43333333333334,1243.7897925465109,0,6686,,normal
29.680127150076036,0.5127796609283332,95.63333333333334,1586.1546062040873,0,5738,,normal
44.00360956645166,0.8011822608227339,81.88333333333334,807.4094473426902,0,4913,,normal
45.52451773112971,0.8238564952296756,177.35,1498.1034256452124,0,10641,,normal
22.391718490769307,0.46248860432390015,55.78333333333333,2153.441019247336,0,3347,,normal
27.582563945101455,0.47883430679707356,203.31666666666666,1545.7946181228706,0,12199,,normal
39.02272322533828,0.6437232283439493,77.6,1191.990916410945,0,4656,,normal
35.47005926125134,0.2977810141018775,19.766666666666666,1137.0157822201384,0,1186,,normal
37.86559073996569,0.509952667071286,93.85,1177.657211195054,0,5631,,normal
31.17564857941136,0.44534468736830585,30.8,1243.335675219932,0,1848,,normal
45.03518379890263,0.5065034780623596,48.65,1191.3212562415258,0,2919,,normal
44.222335483431586,0.299993614929107,111.83333333333333,1734.850805251318,0,6710,,normal
38.52824558048973,0.16387785120438558,120.55,622.0521766522271,0,7233,,normal
47.01792965574426,0.07686298152156751,55.78333333333333,1712.0400211730962,0,3347,,normal
41.74007473801637,0.2488708596618706,144.3,1190.5316594401243,0,8658,,normal
31.125660296934093,0.3674384487109201,153.66666666666666,1508.3180699920563,0,9220,,normal
40.95000627265999,0.3972255144032229,169.0,876.6650777156372,0,10140,,normal
30.328939193368008,0.798701609237313,119.11666666666666,1908.0250480767631,0,7147,,normal
45.02760241045818,0.6490788065833136,164.98333333333332,1873.1666832721867,0,9899,,normal
37.60059271210998,0.2768235990585071,0.0,1753.028020815031,0,0,,normal
36.52110109163792,0.5125875214411723,72.51666666666667,713.8029941667135,0,4351,,normal
32.55256364476847,0.3767259174569415,42.31666666666667,1698.2308498477423,0,2539,,normal
47.780330709392246,0.3988145091527829,96.55,1520.0391368069977,0,5793,,normal
36.763764143449585,0.4833586168947688,58.56666666666667,675.7860762043216,0,3514,,normal
34.573377422695145,0.5614508010555708,80.86666666666666,1339.7950988162575,0,4852,,normal
35.182931596094164,0.38893347290087726,193.51666666666668,1503.1044853939702,0,11611,,normal
42.25847348442679,0.6414932758921845,80.66666666666667,1583.5516150057233,0,4840,,normal
40.92355251491263,0.2444511192943673,112.76666666666667,1424.4497741185194,0,6766,,normal
41.301860892767905,0.4511410312252083,77.23333333333333,1472.3171950758995,0,4634,,normal
41.44656802406306,0.9175812707872498,94.16666666666667,1968.9167847463,0,5650,,normal
55.13318080696369,0.49015435367254956,90.33333333333333,1864.9342421624856,0,5420,,normal
34.74867986892308,0.7079786111891111,114.65,145.83691941124766,0,6879,,normal
33.902058167427704,0.4664736320711775,154.1,1216.6758069681737,0,9246,,normal
31.48981817401698,0.5545398771593634,180.6,1280.8465684315404,0,10836,,normal
42.927835380603966,0.43977902500931554,107.03333333333333,614.1185994546721,0,6422,,normal
47.03177834176714,0.41932663539044324,122.43333333333334,1389.5568844575712,0,7346,,normal
37.088420338761,0.3096931685894245,26.7,1874.4782644124127,0,1602,,normal
31.278748184299776,0.5274542446123596,85.16666666666667,893.641498971952,0,5110,,normal
31.404150274470084,0.2967233059465618,141.71666666666667,1491.2883942497465,0,8503,,normal
43.20474230259761,0.5698053425364172,137.63333333333333,965.3541395354962,0,8258,,normal
43.946033369627536,0.6453516608002638,101.63333333333334,1067.7969500545357,0,6098,,normal
42.34523414644156,0.5159756533027013,138.75,1970.5053263514146,0,8325,,normal
32.675922341690445,0.3984752279599755,117.0,1122.1257155530336,0,7020,,normal
39.85729058453376,0.5317138042755654,156.01666666666668,1544.1292453844624,0,9361,,normal
38.933486473125825,0.39443885000164575,105.91666666666667,564.0883912543854,0,6355,,normal
39.749508773832105,0.6183984825837269,70.43333333333334,2132.1733757858497,0,4226,,normal
44.97143022358552,0.12034690484127775,108.46666666666667,1603.1140274487295,0,6508,,normal
39.78876439019746,0.3895906737386437,0.0,1273.3500660868901,0,0,,normal
43.431308504575156,0.09165384087768041,111.06666666666666,1591.7295341999559,1,6664,synthetic_warning,normal
38.54063255591113,0.1808890505591031,0.0,757.8758398419196,0,0,,normal
40.312955189519876,0.6954952013665037,0.0,1846.662911536116,0,0,,normal
43.05030580670832,0.6111332967549035,114.85,1213.9263942914993,0,6891,,normal
26.34275344115467,0.32049355800873774,116.26666666666667,1264.2908036796575,0,6976,,normal
35.44263026914159,0.17954937791263859,26.066666666666666,1143.5046417144965,0,1564,,normal
34.23701876565764,0.0,50.833333333333336,1106.1264108468545,0,3050,,normal
32.88897721405326,0.3521708085721258,165.38333333333333,1641.7616568839317,0,9923,,normal
35.79886199018653,0.8856747022045324,63.38333333333333,1457.4808770437735,1,3803,synthetic_warning,normal
49.95953048987516,0.5282791688634565,213.36666666666667,1623.7342193892769,0,12802,,normal
31.073351074454052,0.3492769885110919,89.9,1346.30623041606,0,5394,,normal
45.74622683673185,0.5337144377100551,112.45,1565.543920652416,0,6747,,normal
24.537041827073562,0.1690274964610003,178.93333333333334,1174.083527551484,0,10736,,normal
35.3209197601138,0.39648179471442563,97.2,2286.4873733920103,0,5832,,normal
39.30202452084004,0.46790594514283296,34.86666666666667,691.4692250991906,0,2092,,normal
42.689778650874224,0.4345018826722113,83.96666666666667,1879.5936758964535,0,5038,,normal
43.68981263834284,0.5923451019042145,88.03333333333333,1924.5211293028078,0,5282,,normal
44.3467778815994,0.5120361407224895,14.933333333333334,992.0933014944505,1,896,synthetic_warning,normal
35.2101994220125,0.5702986832594394,75.93333333333334,2286.2949164335087,0,4556,,normal
34.301185658683465,0.3260929891984633,49.18333333333333,1768.1059188370336,0,2951,,normal
44.86380705005723,0.6116067735138987,140.83333333333334,1757.8783828656228,0,8450,,normal
36.46956540094708,0.7432086505723184,91.9,1361.7693185508683,0,5514,,normal
27.794509413296623,0.2753730864627457,74.45,1258.7650135481558,0,4467,,normal
28.933702287972153,0.2902147819713793,84.16666666666667,1262.0482926433647,0,5050,,normal
30.64438171198711,0.6904411805376419,102.26666666666667,1514.0228504541972,0,6136,,normal
41.977285952430115,0.41555808239488917,123.91666666666667,1938.4982355142365,0,7435,,normal
39.139405888564525,0.7026878505719802,35.016666666666666,1426.1519715017962,0,2101,,normal
43.52388283254214,0.3703435718594069,32.71666666666667,967.193678282338,0,1963,,normal
34.58197882930773,0.7119082037287281,150.75,1696.2593662016916,0,9045,,normal
39.268317528613714,0.4736674470249814,67.31666666666666,1736.8833134858128,0,4039,,normal
43.004723151738695,0.4964811881980851,12.066666666666666,1624.9570019480702,0,724,,normal
35.525227682238096,0.7316492439005828,114.41666666666667,1663.1095407404928,0,6865,,normal
41.65420190045929,0.3848813140600492,115.48333333333333,1236.2101853337206,0,6929,,normal
32.70459247146679,0.28059802273350753,5.816666666666666,959.8245498051566,0,349,,normal
35.09556922747942,0.36925844255489626,102.61666666666666,985.3587591308725,0,6157,,normal
34.94609684801337,0.5314201111157649,130.45,663.1054356476997,1,7827,synthetic_warning,normal
28.433282835287685,0.16816336700750745,110.58333333333333,1449.518416849299,0,6635,,normal
41.895779846284654,0.5647447624772018,124.76666666666667,1314.9515110448306,0,7486,,normal
34.24478127837821,0.35302116282880625,12.766666666666667,1165.2051640975224,0,766,,normal
38.0999529498215,0.6566062789320415,108.2,108.64009377507068,0,6492,,normal
41.845973271247274,0.01903314511791515,73.35,826.1266627284491,0,4401,,normal
41.57224940823955,0.30841816048124965,63.45,1820.7530735893301,0,3807,,normal
43.32308087178229,0.14643573277786165,137.88333333333333,1070.857079973485,0,8273,,normal
37.21211612392461,0.30127869605448854,171.36666666666667,1501.4485046158734,0,10282,,normal
34.61361350364677,0.49457986219960975,188.68333333333334,765.9121194103924,0,11321,,normal
37.36225431274881,0.41773920741904413,162.31666666666666,1954.256302590877,0,9739,,normal
24.50132452833576,0.4043920375893573,83.96666666666667,1289.5083827770359,0,5038,,normal
26.423100220615304,0.42134672315158905,109.4,1471.8169665230848,0,6564,,normal
27.41840310116478,0.48660988331158983,132.18333333333334,2326.827512590308,0,7931,,normal
30.022025379188147,0.2684635124502406,96.66666666666667,1986.9048422475496,0,5800,,normal
41.19819381378749,0.5772329353618292,97.2,1221.2424390594358,0,5832,,normal
30.756167557119515,0.5692798746693871,135.3,1100.8475223544492,0,8118,,normal
34.97469956768488,0.5193068287780982,86.73333333333333,1213.2710951617967,0,5204,,normal
48.39382638228852,0.5501760196952273,49.88333333333333,1564.157264360145,0,2993,,normal
35.14988823150859,0.5033552401455588,67.2,1305.805863614634,0,4032,,normal
43.900124547736695,0.8163131944915921,124.86666666666666,1183.9974590985419,1,7492,synthetic_warning,normal
30.531058559920986,0.4343230492105482,90.16666666666667,1966.2161252977976,0,5410,,normal
36.35649953705896,0.3947250206997762,108.71666666666667,1302.0318454533085,0,6523,,normal
30.39982356071535,0.31436503553567197,126.85,2315.8274190756742,1,7611,synthetic_warning,normal
35.2877353927955,0.2641927192959894,69.38333333333334,1388.1118767759126,0,4163,,normal
44.72246509965916,0.22599507823180645,131.6,2099.8337255743854,0,7896,,normal
24.181436614461212,0.2900164836184347,110.83333333333333,1500.0741575384632,0,6650,,normal
41.47538914836686,0.4372775313026272,22.083333333333332,1754.4434407647682,0,1325,,normal
39.901884818658225,0.5101731231295886,169.33333333333334,1045.6633583625558,0,10160,,normal
33.246800354425645,0.45920557053938915,62.46666666666667,991.421126513287,0,3748,,normal
26.43153716489236,0.3122036500626517,0.0,1543.0765011062947,0,0,,normal
38.577036061710956,0.6120332215235934,32.516666666666666,1765.1923618354324,0,1951,,normal
33.76405832748958,0.5830942810141706,33.85,1366.9077308401943,0,2031,,normal
39.86140969083763,0.42126330466403694,92.86666666666666,809.7147992648472,0,5572,,normal
38.174817164187544,0.33247509396035185,74.93333333333334,778.6914861584827,0,4496,,normal
50.81423113056732,0.5487170257493639,71.46666666666667,750.6027110817787,0,4288,,normal
36.085154980215805,0.4838352457474988,124.08333333333333,607.59871256546,0,7445,,normal
29.81202005902508,0.18933709330529147,108.7,1395.9838509677768,0,6522,,normal
39.43420507965053,0.43776355392280714,107.38333333333334,1822.5184471173707,0,6443,,normal
39.759973471774124,0.49716644617338857,112.53333333333333,1344.3653694915804,0,6752,,normal
48.873500601923496,0.2880549384322043,123.88333333333334,400.62580191810196,0,7433,,normal
44.68088996731663,0.4841718107107398,0.0,1269.8806066594896,0,0,,normal
40.854968473196074,0.188131952653598,69.95,1281.624421414305,0,4197,,normal
49.706423129756494,0.6905134980021908,0.0,2230.3194750946845,0,0,,normal
28.489895565417193,0.6746309973106978,91.98333333333333,738.0020765737863,0,5519,,normal
32.88198773800202,0.40454687982546633,89.75,1185.915406908338,0,5385,,normal
30.5873924687558,0.5154217808110332,147.5,2066.458125828717,0,8850,,normal
34.881521574753855,0.01621404615602251,155.31666666666666,1538.9909033655501,0,9319,,normal
26.98651081954953,0.2418574211522401,101.15,1586.5914908768984,0,6069,,normal
43.08120757451523,0.39711979437261663,62.483333333333334,1398.1254635500288,0,3749,,normal
36.22221842320981,0.25701605614316536,116.68333333333334,1488.5762862360511,0,7001,,normal
26.233549643978737,0.5785913668735185,60.96666666666667,1676.5960027169851,0,3658,,normal
29.875367350339666,0.8095133755346389,89.91666666666667,1010.0157460650381,0,5395,,normal
40.508110779601566,0.23820935050272565,144.23333333333332,1718.784603141444,0,8654,,normal
44.70501254315505,0.2992565872646653,59.31666666666667,773.3387329080736,0,3559,,normal
53.97384713353429,0.49238070629578745,134.31666666666666,1487.914548589246,0,8059,,normal
61.31089972805864,0.7400009067299318,127.25,1425.0712045802575,0,7635,,normal
41.31527546620797,0.22997262374281746,37.483333333333334,1091.1569029593147,0,2249,,normal
30.083695039745088,0.4948265020152496,143.56666666666666,1340.4721843632283,0,8614,,normal
20.943629754149526,0.7778337931463596,128.41666666666666,1088.5331358804676,0,7705,,normal
40.141691698750684,0.15268335332773192,95.6,899.8854427180675,0,5736,,normal
31.49647123751739,0.21940754276775026,48.06666666666667,1201.4818085222694,0,2884,,normal
34.67714191856252,0.37375081083704914,42.75,886.3247731439021,0,2565,,normal
33.10322560752154,0.35629408568602605,60.43333333333333,1485.5749349191642,0,3626,,normal
36.873672908668915,0.596268231795656,119.85,866.9640924560074,0,7191,,normal
46.52784184630115,0.49349874956775086,37.43333333333333,1649.0303496562415,0,2246,,normal
39.25638853956276,0.13050682926441692,114.06666666666666,853.7787914698956,0,6844,,normal
36.730921303690494,0.5427738725221459,21.7,1112.1561354559774,0,1302,,normal
29.71476997739351,0.3460430002759829,78.78333333333333,1087.6665685496248,0,4727,,normal
24.602536442365142,0.679400499049423,96.03333333333333,1906.5616261274322,0,5762,,normal
34.10953672741336,0.33703424344135446,224.48333333333332,1488.7217771589685,0,13469,,normal
37.569739593453434,0.3354092490415976,14.25,1261.0718029313543,0,855,,normal
52.14343930863906,0.5474036899448157,170.96666666666667,1559.4621652492838,0,10258,,normal
39.04219617178309,0.5873267668206485,98.23333333333333,464.97921412153096,0,5894,,normal
45.86191608818446,0.5306578855085167,112.61666666666666,1331.8838923508188,0,6757,,normal
34.00563521168678,0.14659248287073456,96.51666666666667,2188.955954678,0,5791,,normal
28.520449868663803,0.5468461991870852,114.46666666666667,1405.5855326891224,0,6868,,normal
30.279065902141024,0.2638245506986082,81.55,1378.523531051121,0,4893,,normal
32.19819148371398,0.4923497000858874,169.96666666666667,1580.2139194497224,0,10198,,normal
55.02775785948131,0.19372780162816916,64.9,1726.1542021920252,0,3894,,normal
31.428906566204912,0.5303379865577514,152.26666666666668,511.0639889862589,0,9136,,normal
44.70791362989076,0.30481219722467295,54.56666666666667,643.4228776477687,0,3274,,normal
30.776582575303788,0.21912576295310612,86.68333333333334,1438.3223422561816,0,5201,,normal
45.45258410299395,0.5784876245668319,31.05,1049.7518440030458,0,1863,,normal
41.0796077288469,0.49349601390181524,115.03333333333333,1901.050610132364,0,6902,,normal
36.74689681873528,0.3394841757492785,169.48333333333332,1217.626756248206,0,10169,,normal
37.67389979091653,0.7112121928237916,85.75,537.4970910004905,0,5145,,normal
32.76169843656488,0.3706825641174464,79.16666666666667,817.4341549255213,0,4750,,normal
41.56857761185665,0.45577938131476825,28.7,195.13607175515835,0,1722,,normal
34.36013215727376,0.4984044205821482,77.38333333333334,1251.6672743411768,0,4643,,normal
28.195153889862013,0.3384601318568496,2.4,1270.878666548959,0,144,,normal
27.776499405443047,0.5348045328119873,39.8,1171.725661891603,0,2388,,normal
39.38070334177696,0.3539785775103496,102.46666666666667,1803.1291963924903,0,6148,,normal
50.63273005128348,0.37590510200108235,162.55,1853.3783313370113,0,9753,,normal
39.279932908587504,0.6952756751646014,244.5,1278.4368621904332,1,14670,synthetic_warning,normal
37.05089339112094,0.26269451054776205,57.733333333333334,453.42865965972055,0,3464,,normal
40.286609116820344,0.015699540432691783,168.93333333333334,1609.2582638067486,0,10136,,normal
48.4480139336546,0.739968659102141,103.4,1583.2512959736016,0,6204,,normal
39.75506001091085,0.9088790314692605,81.68333333333334,1479.944459465917,0,4901,,normal
34.7125821533301,0.3770515322191203,113.8,1762.2214947094085,0,6828,,normal
46.850309680479114,0.10136915268836666,93.4,860.7721994863632,0,5604,,normal
41.43005150769291,0.3941128842847301,96.06666666666666,2193.6772621977584,0,5764,,normal
50.286047935967936,0.39847986902867955,67.55,947.0403436804154,1,4053,synthetic_warning,normal
39.46587549777525,0.41581370861599376,13.1,1664.673629424359,0,786,,normal
28.204247746236,0.24959015245406732,5.1,641.3139683463924,0,306,,normal
27.054726406034682,0.5543210056457659,125.93333333333334,959.2888313465787,0,7556,,normal
51.20742345785,0.5444113275514955,74.78333333333333,1986.874831624641,0,4487,,normal
51.78932576626637,0.18100698843252483,57.21666666666667,1240.4220743396431,0,3433,,normal
36.563846293739196,0.5758554117050798,90.46666666666667,1702.7674941557752,0,5428,,normal
34.9345014309121,0.8194832967502603,133.71666666666667,1449.5212632620833,1,8023,synthetic_warning,normal
49.69155433793762,0.48095285983867075,99.91666666666667,1305.9175744799275,0,5995,,normal
29.143634543652098,0.38928147082766895,53.916666666666664,1922.8171364717296,0,3235,,normal
30.84218384835339,0.4244394214066462,157.45,1250.6032936462018,0,9447,,normal
43.146614357512355,0.560746218054341,176.85,602.0899948233424,0,10611,,normal
34.843159017123284,0.13847911100870075,117.2,1012.6391613802839,0,7032,,normal
37.95902506623943,0.47959032653591444,143.55,1581.5005260547116,0,8613,,normal
36.6924568118039,0.3797164890966942,158.3,1516.1138246722535,0,9498,,normal
40.70059639039147,0.7826085023320881,152.15,691.8355349011159,0,9129,,normal
49.259854890509736,0.4186489079151076,123.78333333333333,1045.7761418485557,0,7427,,normal
38.724679255213964,0.7502197700015136,122.91666666666667,1105.6770333350564,0,7375,,normal
43.15151034621486,0.2513266743992387,118.58333333333333,1196.5027704720255,0,7115,,normal
21.59862319175182,0.5557066500245026,29.65,772.1162927873484,0,1779,,normal
37.61025278455906,0.5074920474824212,128.53333333333333,1086.0841345898189,0,7712,,normal
31.254157837657033,0.2935714953843392,15.433333333333334,1043.9835961909985,1,926,synthetic_warning,normal
28.249495516610978,0.4819313006346493,46.3,1674.043969100006,0,2778,,normal
30.974781064569996,0.6682533906296881,161.7,1689.8309506159023,0,9702,,normal
35.327012474393506,0.3917174932284119,136.21666666666667,1288.7596076026973,0,8173,,normal
45.32722033884811,0.14544672314944262,171.8,1185.3432857342927,0,10308,,normal
27.388858258083488,0.4468386912340597,75.05,1408.7682110564276,0,4503,,normal
38.24505194075534,0.2875638429373477,26.633333333333333,1007.0384548686585,0,1598,,normal
34.12664453333137,0.3883786310405012,76.78333333333333,868.3305254896748,0,4607,,normal
35.378615245104314,0.4353142014566782,95.61666666666666,955.1070922511989,0,5737,,normal
46.02206260243683,0.14298260111720695,94.35,1083.3784711319881,0,5661,,normal
42.30492349603141,0.15918149892227795,152.35,861.3410040872461,0,9141,,normal
48.69918485954195,0.5367720303945945,70.13333333333334,1418.0650148064074,0,4208,,normal
36.7639545660008,0.35591063468945755,109.36666666666666,1656.4805829891575,0,6562,,normal
32.432459106634376,0.0,35.63333333333333,683.4187136647384,0,2138,,normal
36.20912946495601,0.5912719265894644,114.76666666666667,1360.554058710734,0,6886,,normal
39.939974330169775,0.4990265559493632,90.16666666666667,1257.626965988139,0,5410,,normal
39.412586867629685,0.3215025316734329,48.766666666666666,1493.4336479254573,0,2926,,normal
29.324895422133068,0.21297056200951656,77.03333333333333,1344.565717396493,0,4622,,normal
38.723918253022994,0.6004454213365806,79.86666666666666,739.4883024287151,0,4792,,normal
39.82582664111124,0.5128831120608773,75.13333333333334,819.7964944799905,0,4508,,normal
58.13979230027137,0.8788684108831333,187.41666666666666,1362.3579017456887,0,11245,,normal
53.01475689025336,0.5256339477704888,84.58333333333333,1782.087986293114,0,5075,,normal
31.17405319552944,0.5197865654271627,76.58333333333333,420.0413041619388,0,4595,,normal
35.70093310760659,0.4199529725804583,0.0,1495.2051635166636,0,0,,normal
26.292463985303975,0.5970196560961424,40.81666666666667,1849.64124222081,0,2449,,normal
33.27434388829211,0.5625153362246677,75.53333333333333,1285.7291319933904,0,4532,,normal
40.52484002872272,0.6753105015417351,52.28333333333333,1581.085048331105,0,3137,,normal
47.64682896710587,0.35616187464528876,166.0,1054.710986022923,0,9960,,normal
32.16732929805113,0.3716266548700868,80.93333333333334,1299.8661963037118,0,4856,,normal
32.76682847945763,0.3637614292358436,160.86666666666667,669.2163223105764,0,9652,,normal
20.82168776209076,0.5923443098122181,93.4,365.37581046407297,0,5604,,normal
36.69867263564074,0.7197073992534118,92.05,1745.9616365146155,0,5523,,normal
29.500684705123497,0.3674087112331259,85.11666666666666,936.3021303557343,0,5107,,normal
33.76448458107141,0.3735407289972436,90.21666666666667,1158.6783050985591,0,5413,,normal
30.985113774659293,0.5065339002965639,184.53333333333333,767.6942536265188,0,11072,,normal
37.24589956597954,0.40576292999767777,0.0,757.8127247047721,0,0,,normal
23.93817286914695,0.6213696575651801,0.0,1276.988165960261,0,0,,normal
26.263638036872074,0.044680087688571624,60.13333333333333,1043.5775784630284,0,3608,,normal
55.033976896226385,0.301193091554959,90.8,1508.7478191577734,0,5448,,normal
27.700619349807752,0.30916505988693976,127.95,1540.0661359714286,0,7677,,normal
29.225715372362885,0.03233591777049394,116.01666666666667,1484.756851456335,0,6961,,normal
52.69530822657051,0.2765450800136153,68.86666666666666,1450.2123321899464,0,4132,,normal
61.24053735392326,0.2852718991477333,146.05,2012.6626460713921,0,8763,,normal
28.62746696939727,0.41380116218661056,146.66666666666666,901.6106170011478,0,8800,,normal
35.054008345695756,0.6503338604988474,100.11666666666666,1326.9273561947746,0,6007,,normal
40.73244440752408,0.4058890827856736,142.95,1825.7297246182272,0,8577,,normal
51.82958115524474,0.26445353035119235,105.0,1881.1067199219754,0,6300,,normal
30.1051433725741,0.4397481825815648,59.11666666666667,752.8592672752794,0,3547,,normal
36.03777723246312,0.6388512518594429,128.38333333333333,1218.8107145045346,0,7703,,normal
44.218700608493954,0.27432741309931713,96.08333333333333,1920.4108602642495,0,5765,,normal
41.47812859573295,0.2860965208941393,90.06666666666666,1563.3932241836073,0,5404,,normal
34.99075143015921,0.5505388126693602,171.01666666666668,1432.0104732215045,0,10261,,normal
36.929416283871674,0.4101234991684559,0.0,1258.5724287574442,0,0,,normal
27.000833533040144,0.5665472443277054,12.033333333333333,1188.8036112027469,0,722,,normal
36.094610048202675,0.4475435774768466,24.716666666666665,1471.0520064979362,0,1483,,normal
35.86890007992836,0.5762994566561221,70.01666666666667,1244.002867506517,0,4201,,normal
39.85735911701005,0.26368593947268465,76.0,1332.1169791613333,0,4560,,normal
33.55738224944787,0.44782476285811185,7.1,1383.0114565683157,0,426,,normal
41.772308180361115,0.4120757974146318,35.81666666666667,1065.2099580327304,0,2149,,normal
46.10172654255863,0.2311396336612565,42.65,1573.4943370302042,0,2559,,normal
39.24343462134773,0.1685739693836361,225.15,2573.9827523344766,0,13509,,normal
40.814051267193626,0.5734348263494391,189.1,603.6656114830485,0,11346,,normal
38.42524278062294,0.38682857120076397,67.35,1486.0852601597915,0,4041,,normal
38.00067514473131,0.26598954930348073,70.0,1030.7201627800596,1,4200,synthetic_warning,normal
32.22753573165722,0.4326877913538002,26.8,1592.509082558085,0,1608,,normal
40.53195409338647,0.6530433943228745,0.0,1369.5541387977016,0,0,,normal
37.22170721269208,0.03946718783305392,83.56666666666666,1669.9790050978347,0,5014,,normal
54.74534647144476,0.18060503581740128,35.11666666666667,1843.7127621336874,0,2107,,normal
50.58683921980194,0.28388044045885186,85.33333333333333,1430.816869462636,0,5120,,normal
41.08677242045201,0.7130121960096591,1.9833333333333334,1825.461961133955,0,119,,normal
31.89554232244186,0.5008656569254734,48.083333333333336,365.39488460875555,0,2885,,normal
29.100708224132656,0.5881171032830208,98.16666666666667,2017.9899651247297,0,5890,,normal
47.52914362471092,0.24477103455727853,110.13333333333334,1507.5261037947828,0,6608,,normal
40.10199380117711,0.2484835424513053,112.96666666666667,1802.6942094129763,0,6778,,normal
41.841147227132886,0.5306064690100879,17.366666666666667,837.6521871665609,0,1042,,normal
24.043312104206457,0.4604893795683804,137.0,1001.076649725759,0,8220,,normal
45.41950785246544,0.5487729873955428,45.983333333333334,1411.294083540805,0,2759,,normal
41.635362705714904,0.4162192216328786,124.8,1342.8440864782656,0,7488,,normal
29.116554524684176,0.5000658707618328,89.41666666666667,1468.8888069641957,1,5365,synthetic_warning,normal
34.22780154040041,0.4784614352829197,14.3,1805.4963675905858,0,858,,normal
40.10973763485216,0.5899981300352866,72.61666666666666,608.6074675728033,0,4357,,normal
38.419734386849946,0.5952614907500047,110.1,1759.0040101212699,0,6606,,normal
35.66263051357156,0.15842304100948146,123.71666666666667,1353.4784021823293,0,7423,,normal
37.17209385547231,0.04549166003864602,82.25,1264.41161832769,0,4935,,normal
35.984180974344916,0.6303141715772713,174.25,732.131601558346,0,10455,,normal
39.22050009681975,0.6637905167871486,145.41666666666666,1561.2804407182832,0,8725,,normal
49.77193578394525,0.2662878564875993,75.88333333333334,336.07470256696433,0,4553,,normal
17.46673247254962,0.11522962682178689,131.25,1622.3254847202593,0,7875,,normal
36.10519788392253,0.46782626778129616,196.36666666666667,723.3155491013434,0,11782,,normal
39.412099370979575,0.6175508807430953,197.83333333333334,1372.452323299339,0,11870,,normal
40.3679519174968,0.7735670140381766,22.466666666666665,1299.9490883222734,0,1348,,normal
35.02468334942968,0.5429335629782612,39.03333333333333,1841.206021863431,0,2342,,normal
23.94622574017134,0.3830909946145749,171.66666666666666,1274.964829014166,0,10300,,normal
40.623963869712874,0.28923648811472474,31.8,1058.4618043188204,0,1908,,normal
51.818801713313476,0.4520612325007178,17.266666666666666,1137.2268676920949,0,1036,,normal
25.729108760670897,0.3961323533006539,63.266666666666666,1884.6107628769587,0,3796,,normal
44.910624109585505,0.2672877769688131,113.11666666666666,1575.2447270559753,0,6787,,normal
35.37179821501685,0.8187760171553916,84.36666666666666,1188.0354077602722,0,5062,,normal
37.50940523336922,0.7713303123729836,54.21666666666667,1250.6925036149044,0,3253,,normal
29.576811914368406,0.6544887630399772,52.916666666666664,691.7856219541122,0,3175,,normal
35.32435062115299,0.28424692839435706,50.81666666666667,1513.1591643576471,0,3049,,normal
48.400356757591666,0.6039034783735102,41.63333333333333,610.8774027679044,0,2498,,normal
42.66124193590166,0.5651327537096223,215.48333333333332,1665.7545156508916,0,12929,,normal
51.85849284327955,0.5296582123567295,106.36666666666666,1404.0210688463317,0,6382,,normal
47.41929511182155,0.6749397480678798,138.76666666666668,2352.5197558210475,0,8326,,normal
41.51269343143661,0.56436680571503,63.1,887.9430674357916,0,3786,,normal
51.95147620934234,0.5832025625347804,79.76666666666667,1306.881921762934,0,4786,,normal
41.51194526990639,0.5646431310069978,50.75,2105.2808343876864,0,3045,,normal
44.62390541437647,0.5113424534403791,0.0,1850.383648922394,0,0,,normal
35.627432371722335,0.12894999665144702,14.216666666666667,1057.5909383364422,0,853,,normal
38.53236652687364,0.46505179393390034,0.0,1444.066319916848,0,0,,normal
32.42060941359779,0.3498854474071575,0.0,1350.8397296943367,0,0,,normal
45.91667147675882,0.21962862762479635,24.25,1468.4214643055461,0,1455,,normal
28.573571015081075,0.7527269914741483,162.86666666666667,1056.5542168863715,0,9772,,normal
44.25880273934129,0.7612191613594266,87.55,1312.4854308656916,0,5253,,normal
36.47479153995872,0.6946597080532102,160.98333333333332,678.8180023837803,0,9659,,normal
47.369976747738555,0.49593841503405744,112.6,1406.7518497845945,0,6756,,normal
44.00695190985008,0.6931125217714782,133.03333333333333,1539.0086828371695,0,7982,,normal
52.56516926117441,0.4521695725083286,40.45,1254.4838466895687,0,2427,,normal
43.84619752910916,0.4865035098416003,118.81666666666666,671.6786259543891,0,7129,,normal
25.423677954774075,0.2531751533168431,130.08333333333334,1765.1833823976142,0,7805,,normal
37.464374616814396,0.5214584348097913,58.28333333333333,1503.100515956977,0,3497,,normal
28.623942459241473,0.4608694671163951,120.76666666666667,1045.0736589655899,0,7246,,normal
33.853761261069806,0.2155226189697964,121.13333333333334,1232.147812328013,0,7268,,normal
50.08982746621378,0.4407845198730126,59.766666666666666,719.7188508316277,0,3586,,normal
43.10027048718157,0.4356486785057745,28.25,919.3277463332802,0,1695,,normal
32.40855657137003,0.7735610099960353,24.866666666666667,1124.1192345300014,0,1492,,normal
29.89026106847681,0.6109583991324137,94.75,1865.9367411576636,0,5685,,normal
38.262256743010084,0.4520601790364639,107.98333333333333,1081.4085758272602,0,6479,,normal
28.267518804950978,0.49478171576419494,46.416666666666664,1618.8897369180786,0,2785,,normal
32.63087778082735,0.45795822805875563,91.46666666666667,1123.9071947981365,0,5488,,normal
40.49607577240995,0.4134754827368014,121.38333333333334,1454.1379755577875,0,7283,,normal
47.24249628885357,0.25516310447010837,124.0,1290.613889099603,0,7440,,normal
42.870091777795515,0.42281066203075274,175.35,1716.6837720389522,0,10521,,normal
19.6696839312152,0.3157023138025476,160.23333333333332,1125.3792379482056,0,9614,,normal
40.43493383224208,0.22494320299383366,34.93333333333333,689.5381349989748,0,2096,,normal
38.576268585860625,0.5420199266185562,182.6,769.5814068272742,0,10956,,normal
41.31112228298154,0.5204276387879823,60.8,1126.6114525440419,0,3648,,normal
50.929677453209656,0.128392647953746,147.46666666666667,825.3948123152178,0,8848,,normal
21.494093785562058,0.42791676525087713,93.73333333333333,1522.2890465854116,0,5624,,normal
33.27117259847115,0.6292262494619862,67.33333333333333,1154.3773707596074,0,4040,,normal
42.72725058234684,0.6406602730013378,0.0,2347.334751011101,0,0,,normal
25.34724480436846,0.634650631719343,80.56666666666666,620.1598700424046,0,4834,,normal
49.80759238442807,0.4570043772422628,4.233333333333333,1435.5259350581166,0,254,,normal
40.94685290160527,0.2978918409655528,143.2,876.259730127619,0,8592,,normal
44.77267188674723,0.25493421107554914,173.41666666666666,1142.771437039275,0,10405,,normal
33.432450707825645,0.5120288828550643,46.166666666666664,1409.3961788030285,0,2770,,normal
44.51010951972968,0.5182704061857294,106.61666666666666,373.3440225527995,0,6397,,normal
46.54777244791231,0.6817196000889117,50.1,1449.4669690509716,0,3006,,normal
39.86302416109735,0.6479963370615751,55.43333333333333,2149.2211341551506,0,3326,,normal
39.87520714158957,0.42619884182438905,132.6,1159.555914685191,0,7956,,normal
40.162745914253804,0.22604294180504353,87.88333333333334,1459.119299858314,0,5273,,normal
31.093237882084946,0.39256081253803843,185.68333333333334,1780.4671111126677,0,11141,,normal
36.819770558077174,0.48910161506589445,63.483333333333334,1281.1395299886615,0,3809,,normal
36.77981974038113,0.4136250158299073,144.96666666666667,1105.996720816777,0,8698,,normal
41.06715091482796,0.34597906054602195,95.35,394.19071043686404,0,5721,,normal
45.998593975282354,0.4955192666945818,133.76666666666668,1619.2161021458887,0,8026,,normal
29.531711344172727,0.35928760654609015,65.4,1302.4692679138632,0,3924,,normal
36.99992775744338,0.3369481049294327,87.26666666666667,924.672782416972,0,5236,,normal
49.85164438127178,0.5060615101746191,83.65,1403.1706183166314,0,5019,,normal
32.051294169499485,0.3776413355767432,44.016666666666666,1104.8542501414038,0,2641,,normal
31.42199986167744,0.4939387900161034,126.41666666666667,1128.0610249314793,0,7585,,normal
39.61844953464955,0.4991767241133821,125.76666666666667,1604.6422855656574,0,7546,,normal
44.75508152388256,0.24490277980351657,122.65,787.8793872439853,0,7359,,normal
38.091408444485275,0.3633765977042258,174.53333333333333,1789.8724201509785,0,10472,,normal
48.631684723495916,0.7087998491849632,169.71666666666667,762.9718114902705,0,10183,,normal
44.85435186053221,0.24082568770782833,69.38333333333334,1071.665408490789,0,4163,,normal
44.734560535120494,0.06900219918530442,110.51666666666667,2157.6374015079623,0,6631,,normal
42.432932010592744,0.11486787241634794,55.7,1823.4889998898173,0,3342,,normal
56.62122480276868,0.45523979038380047,91.28333333333333,1390.993676848085,0,5477,,normal
36.35870648907164,0.4555651100458858,57.016666666666666,954.977309489489,0,3421,,normal
21.97182166346789,0.42883004602347824,179.1,1127.705631186045,0,10746,,normal
50.834034892137126,0.6685541692071303,110.0,1380.7756321259924,0,6600,,normal
34.338404552345395,0.0,78.01666666666667,1365.7597575826314,0,4681,,normal
38.863043554744266,0.5212680973975483,155.65,1311.8342095570956,0,9339,,normal
48.47640547888422,0.7310588763246432,0.0,1337.0503440846426,0,0,,normal
25.181923671528597,0.2469994623194915,0.0,1259.962453923852,0,0,,normal
27.986822287150886,0.3816348278778189,133.76666666666668,744.3689310311946,0,8026,,normal
25.18977650304917,0.3144794548988482,93.33333333333333,1133.0654882924503,0,5600,,normal
31.646909679796607,0.28901771170604484,103.76666666666667,1734.1421026744756,0,6226,,normal
41.517092848135945,0.3912728390958528,17.05,775.2995950285307,0,1023,,normal
42.19350274250217,0.7069473510632108,88.71666666666667,1270.386685153503,0,5323,,normal
40.21019343462843,0.7807296015877536,200.2,1005.7033499162455,0,12012,,normal
26.697872928861067,0.3895309394927734,135.33333333333334,1396.7671803472067,0,8120,,normal
19.519172506938848,0.7929108385316046,99.33333333333333,1186.7740639519363,0,5960,,normal
38.43482868312306,0.45640376585723247,65.85,1970.505339289361,0,3951,,normal
34.22579173089331,0.7656643848061946,68.3,1562.7649247599065,0,4098,,normal
41.67508617373289,0.4332062430623715,0.0,799.0426703735712,0,0,,normal
43.61562900977016,0.473590408688306,104.16666666666667,1631.9157648777534,0,6250,,normal
39.105931456469456,0.5157854050757102,136.5,1024.6462203699334,0,8190,,normal
44.08106468300683,1.0221936622861563,3.3333333333333335,1107.661524021436,0,200,,normal
39.833690992920545,0.603231403472062,53.61666666666667,1481.803988444991,0,3217,,normal
42.24051764481173,0.32269238460873656,26.333333333333332,1143.4660837133433,0,1580,,normal
32.362613897040944,0.6244196166496544,36.9,1724.9994428556413,0,2214,,normal
36.56310868934833,0.38487014332481856,92.93333333333334,1024.705774164374,0,5576,,normal
39.574208773255656,0.36184496707778235,0.0,1090.0424479116275,0,0,,normal
44.56422780333935,0.61354824478058,123.78333333333333,1074.3242247097942,0,7427,,normal
34.850070622203425,0.45559540579880753,131.46666666666667,1112.4317256908837,0,7888,,normal
42.169338045856904,0.5001436646121251,76.18333333333334,1811.6604533300815,0,4571,,normal
35.87328966467697,0.45251733993575266,0.0,1614.0944433163272,0,0,,normal
37.05966266137496,0.5105849627889782,35.2,2068.1764606850697,0,2112,,normal
44.63615233619258,0.5264938615385069,157.81666666666666,2302.410565637687,0,9469,,normal
22.05551703156675,0.10134595211302527,0.0,917.0988465884172,0,0,,normal
27.628221375401914,0.569983080349716,70.88333333333334,1379.5760334774614,0,4253,,normal
26.142516820457434,0.2732365044305459,25.1,855.9958670097582,0,1506,,normal
19.331071041213562,0.190386155599306,134.25,1023.4055103457279,0,8055,,normal
32.573884478758586,0.43948597610543716,52.86666666666667,1085.3653456926188,0,3172,,normal
43.99547119782192,0.46511658059660177,112.21666666666667,905.9949528619247,0,6733,,normal
35.7209274689394,0.3251688903769895,121.1,908.2073453826663,0,7266,,normal
39.582320655534815,0.5995857343802354,191.0,1289.4005610214929,0,11460,,normal
46.713739973686344,0.20840847005323676,78.83333333333333,838.9782642777091,0,4730,,normal
48.621489058141535,0.3767501252209394,110.68333333333334,1703.6933228378057,0,6641,,normal
37.44689652219088,0.3447226557120599,8.316666666666666,964.5435142846441,0,499,,normal
48.82868711655518,0.44161429133891894,155.46666666666667,2530.0189674404846,0,9328,,normal
38.737013267472875,0.5001955712365029,48.166666666666664,1160.418530594954,0,2890,,normal
31.300814209380302,0.26857926906776197,59.166666666666664,1380.247409605162,0,3550,,normal
33.24479718241012,0.580370881942121,88.78333333333333,805.9567025242652,0,5327,,normal
26.15570789947987,0.46134042630024596,4.033333333333333,2066.5585384136084,0,242,,normal
30.89492917013078,0.10944967440385617,102.58333333333333,1820.1902859372249,0,6155,,normal
35.135866495404564,0.09745354072853446,143.21666666666667,1474.7046657091673,0,8593,,normal
44.428680155028815,0.447782527272724,106.11666666666666,784.3429295125825,0,6367,,normal
51.76615864932787,0.4102258827984563,2.6166666666666667,1438.4800886443404,0,157,,normal
26.94254787698368,0.431384379556566,83.18333333333334,878.9989606727529,0,4991,,normal
41.142619746079355,0.44496315782456075,130.81666666666666,1964.1892106588116,0,7849,,normal
29.675648486739725,0.49060077111183253,0.0,1689.8617873783326,0,0,,normal
41.797576707705616,0.620576929772694,30.883333333333333,1390.084396164849,0,1853,,normal
36.95130679449819,0.2500011178348396,138.21666666666667,326.72222143612464,0,8293,,normal
23.352753393219757,0.23904511327785696,104.85,936.9652889632071,0,6291,,normal
45.42637593254788,0.25320170558027116,112.66666666666667,1638.8596752719463,0,6760,,normal
33.159994297530154,0.5020050000903673,192.26666666666668,1859.4111505237254,0,11536,,normal
33.72879809301156,0.6740905281563602,115.76666666666667,1815.8513208266952,0,6946,,normal
29.441980709682483,0.37235890111688813,126.18333333333334,681.3545390585888,0,7571,,normal
32.76573378649955,0.0,239.08333333333334,1476.6519688614196,0,14345,,normal
41.42312352555934,0.1432812847301324,78.23333333333333,1776.5163909228304,0,4694,,normal
36.486045272508754,0.3000533898967179,46.11666666666667,653.4990624554571,0,2767,,normal
40.62929601825985,0.3496088002508614,113.53333333333333,1346.6801035432406,0,6812,,normal
40.89537483143075,0.37649004709414924,114.15,1465.0138072895516,0,6849,,normal
48.56529324422534,0.45694460213656507,61.03333333333333,1223.6788743643713,0,3662,,normal
35.25771079308497,0.39388566045195955,33.21666666666667,572.0920207314954,0,1993,,normal
26.185137465234146,0.6388811298978133,217.03333333333333,1213.206793769034,0,13022,,normal
46.537779332575866,0.3283168849773537,107.98333333333333,1212.5317192928899,0,6479,,normal
35.34809462322196,0.2947827672944023,49.71666666666667,1287.8095900899432,0,2983,,normal
46.916739556619014,0.5361975969336831,140.38333333333333,1113.342001321471,0,8423,,normal
41.06701690545977,0.17358442741329855,84.0,1163.9348956385838,0,5040,,normal
52.415332414162044,1.384021915182094,257.9166666666667,3221.7324899873333,0,15475,,monitor
43.760496854857735,1.2233455311240093,292.6666666666667,1907.600483401716,0,17560,,monitor
51.29838979205293,1.1009706100203598,221.45,1842.9888385381182,0,13287,,monitor
57.50766006835656,1.1876304219446896,363.25,1301.2756299395728,1,21795,synthetic_warning,monitor
68.49104880895437,0.7483061756403189,247.93333333333334,2728.2412061601344,0,14876,,monitor
48.67076222617309,1.3500236237448142,250.28333333333333,2535.7105165670823,0,15017,,monitor
57.23932106639674,0.6607845109742797,161.83333333333334,3188.0124912524007,0,9710,,monitor
64.07630193905408,1.3423819478657808,261.3833333333333,1474.7144915018434,1,15683,synthetic_warning,monitor
36.568593938902715,1.4651498757415908,219.95,2756.1768633655993,0,13197,,monitor
67.3040755114501,1.1238026107308305,184.38333333333333,2131.5609832647574,0,11063,,monitor
47.35794485014206,0.9883254293633085,171.76666666666668,2462.7450975600614,0,10306,,monitor
60.98795944111241,1.1901084679083858,430.3833333333333,1358.500286502988,0,25823,,monitor
60.2201483464967,0.04846857046476449,210.23333333333332,2760.6368201993837,0,12614,,monitor
67.7612775231746,1.1557903764699116,120.73333333333333,2453.9325380993237,0,7244,,monitor
62.95831942804186,1.0103261007560675,177.63333333333333,2082.4904843462023,0,10658,,monitor
36.60438557443017,1.032280160430053,226.13333333333333,2390.3007094475047,0,13568,,monitor
50.936986775596075,1.2972863795142398,271.0,1755.527114530988,1,16260,synthetic_warning,monitor
59.24384616417952,1.0238308774523452,271.6166666666667,1839.2519614882353,0,16297,,monitor
56.24518102492192,0.6509276001720947,280.75,1891.4499238685717,1,16845,synthetic_warning,monitor
62.298496567810936,1.0005090652111177,181.63333333333333,1266.2724622393748,0,10898,,monitor
65.10429900102734,1.0736444194282886,255.53333333333333,2487.791322391515,0,15332,,monitor
63.476065627867115,1.0902268690533545,164.3,2636.2171263821547,0,9858,,monitor
56.07152551700981,1.106671778549774,183.53333333333333,1784.3951326062713,0,11012,,monitor
41.38296689991567,1.4137791657214938,161.16666666666666,2256.6913571751684,0,9670,,monitor
53.900668760306644,0.6698879064380484,140.86666666666667,1980.5067864168436,0,8452,,monitor
61.747313333250595,1.1114951596576974,309.81666666666666,2247.723282936464,0,18589,,monitor
48.1859747270457,1.5014753945163843,281.65,1817.590241455037,0,16899,,monitor
63.68147257109419,0.44288597607198177,303.25,1702.4586797605639,1,18195,synthetic_warning,monitor
66.17553967540574,1.1128763382730187,232.95,2573.433698710684,0,13977,,monitor
59.14180278666258,0.8451175243094349,288.26666666666665,2071.2582366939782,0,17296,,monitor
30.42598120318844,0.9202513654344133,97.9,3009.949027884064,0,5874,,monitor
46.49720473559377,0.7333173738749523,294.73333333333335,2120.839484157363,0,17684,,monitor
74.97570242700473,0.9906572495048446,243.28333333333333,1683.2648818422786,0,14597,,monitor
53.0811598627446,1.6944394650494166,277.03333333333336,2652.1233943961724,0,16622,,monitor
40.14271099183904,0.6074493735879753,258.5,2383.8600738657087,0,15510,,monitor
69.11722649479245,0.6406364991324105,155.96666666666667,2427.092788663391,0,9358,,monitor
58.12020032389306,0.5943229004427735,117.65,2635.7703054905633,0,7059,,monitor
67.94446440061952,1.6545964003198352,176.6,1806.2416677693925,0,10596,,monitor
60.492628076974285,0.8881811030675496,272.3666666666667,2042.7360109566207,0,16342,,monitor
62.12703222590952,1.0410263288783141,281.75,2022.847575830493,0,16905,,monitor
61.267083229430646,0.9090259706128162,127.4,1519.1640583879716,0,7644,,monitor
64.277394807289,0.719451992558918,156.41666666666666,1981.3844324287904,0,9385,,monitor
78.49687403700489,0.9676972736849476,175.75,2701.370756044571,0,10545,,monitor
66.7390570236327,1.9103852620077961,203.2,2206.8021467072313,0,12192,,monitor
43.77694613939018,1.5372248223409892,127.85,1494.2724024697554,0,7671,,monitor
62.01995363751013,0.7514717637727047,123.35,1399.8722647507793,0,7401,,monitor
68.27332691292897,1.27665093607159,168.36666666666667,2849.149226436722,0,10102,,monitor
68.82430725882531,0.7589670295667683,236.46666666666667,2059.3564453851914,0,14188,,monitor
54.160555152468106,0.4282713264038228,141.45,1808.6654074342723,0,8487,,monitor
68.48450000669315,1.4068288211826203,221.31666666666666,1976.7037057963487,1,13279,synthetic_warning,monitor
66.34968159596085,1.4560324963252427,309.3833333333333,1435.2115105572007,0,18563,,monitor
81.15265693272757,1.4161182878667649,132.36666666666667,2740.392817280229,1,7942,synthetic_warning,monitor
51.2499843737634,0.8855471627731496,214.51666666666668,1923.1261780862867,0,12871,,monitor
53.43339481239617,0.9916284930993049,306.85,2715.3306874822897,0,18411,,monitor
55.24492856386041,1.3124179437803432,198.63333333333333,2123.243271501292,0,11918,,monitor
53.58800064965102,1.1870236130718375,186.96666666666667,2743.289388555798,0,11218,,monitor
49.989813252127576,0.9122268850460346,317.26666666666665,2215.5125245693885,0,19036,,monitor
33.13592044893631,0.4833248629586424,207.03333333333333,2483.9546982910842,0,12422,,monitor
54.087704736491794,1.0898563179497043,312.8333333333333,2423.5918707397514,0,18770,,monitor
61.32422253729914,1.4276533737326398,262.1666666666667,2380.480979813387,0,15730,,monitor
53.56100339044681,0.630844098838045,204.28333333333333,2256.5705147322196,0,12257,,monitor
75.41843065176198,1.273565783586592,265.98333333333335,1995.2171777479869,0,15959,,monitor
58.120382314442764,1.1660395932967924,254.03333333333333,2961.945611207787,0,15242,,monitor
69.61926149665722,1.3125518921313168,306.56666666666666,1691.8783567068447,0,18394,,monitor
60.35278371456972,1.3551914249016526,188.86666666666667,2101.938439054422,0,11332,,monitor
65.43766578903933,0.8069371653261266,233.08333333333334,2106.698643843418,0,13985,,monitor
60.51317398540206,0.48406420994226895,225.38333333333333,2281.098339004585,0,13523,,monitor
70.31906168713206,0.8632681660109923,282.81666666666666,1906.7373093474744,0,16969,,monitor
58.503454151191605,1.3611945611344525,153.11666666666667,2241.6358375153145,1,9187,synthetic_warning,monitor
62.46508637279907,0.8602986337659102,306.26666666666665,2024.0208366586653,0,18376,,monitor
61.2969964028504,0.8070848366498253,264.96666666666664,1388.1213671529454,0,15898,,monitor
55.40543087685413,0.4125273803263766,131.23333333333332,2104.298528815581,0,7874,,monitor
61.64484087032209,1.6634266440928287,320.6166666666667,1604.7456001364317,0,19237,,monitor
78.10947621577914,1.3389997744988584,397.55,1319.5264068979945,0,23853,,monitor
55.56642752114102,1.3194635934461676,305.1333333333333,2161.5929943102233,0,18308,,monitor
61.77518403567923,1.3887038853728157,337.01666666666665,2319.547503908805,0,20221,,monitor
69.32001055782499,1.2518479265401905,236.4,2337.014118947059,0,14184,,monitor
68.26227952849852,0.9644849006871649,105.38333333333334,2355.2268181588624,0,6323,,monitor
58.10544775947429,0.9926825635572295,91.68333333333334,1230.3349405767253,1,5501,synthetic_warning,monitor
36.549501673383745,0.9003524723927564,249.13333333333333,1487.5423824416387,0,14948,,monitor
62.650325367836196,1.97215926404525,185.6,2988.084646566152,0,11136,,monitor
38.02473167239253,1.244569210954805,161.4,1628.7560579653336,0,9684,,monitor
71.22943507847108,0.887669845526998,225.3,2374.87846401151,1,13518,synthetic_warning,monitor
59.52526484073935,1.212923870958198,276.1666666666667,1790.8780702503693,0,16570,,monitor
66.9970661788479,0.6961958787502889,121.05,2135.852732670404,0,7263,,monitor
49.88099975637054,1.5765773515062294,196.33333333333334,1815.0356089768827,0,11780,,monitor
44.02743274029951,0.818625816467501,343.23333333333335,2352.69351957884,0,20594,,monitor
60.3467894572705,1.225379901417863,149.35,2161.5483527925144,0,8961,,monitor
57.697569040394725,1.4230921704100972,295.23333333333335,1898.2696018600948,0,17714,,monitor
53.57613256458551,1.1846689904717476,193.65,1627.4225461436804,0,11619,,monitor
58.76195152659487,1.0830644971368735,270.93333333333334,2220.49838887163,0,16256,,monitor
82.90692302829034,1.0537807296996053,312.3,1554.2765404308345,0,18738,,monitor
65.51072992632152,1.0302456160895126,285.6,2292.3664689543775,1,17136,synthetic_warning,monitor
67.44548745276987,0.8481555288753743,298.18333333333334,3281.918209066605,0,17891,,monitor
65.5954320239802,0.8926807995806035,143.63333333333333,2707.5765230679053,0,8618,,monitor
71.31515929466974,1.5678566307778272,313.51666666666665,2423.2565491023734,1,18811,synthetic_warning,monitor
56.289354943893294,1.0120121785601952,166.05,2061.4767160164834,0,9963,,monitor
39.507148230922354,0.7749713057160295,249.46666666666667,1227.5613178484136,0,14968,,monitor
56.30272480294591,0.869295841098472,249.36666666666667,1504.971121844917,0,14962,,monitor
65.30562138996852,1.435129738244028,266.3833333333333,2677.256785246221,0,15983,,monitor
49.271796443964334,1.2864623216075675,255.26666666666668,1744.609763943849,0,15316,,monitor
56.41270644559603,1.24611521238129,166.71666666666667,1785.336555826179,0,10003,,monitor
51.774072312979186,0.959867580381573,128.76666666666668,2025.4572859421903,0,7726,,monitor
71.51826326658818,1.2506768645605308,295.43333333333334,1622.0791835190503,0,17726,,monitor
64.74511313865908,0.8247536062672732,243.93333333333334,1547.9540694517636,0,14636,,monitor
63.86386558579563,0.9591350890289789,316.2,2077.28666724836,0,18972,,monitor
63.594411818088744,1.389431570587111,226.65,1698.8117453975838,0,13599,,monitor
57.664756727030856,1.3559971876216725,124.61666666666666,1766.5416390994974,0,7477,,monitor
59.778006542747534,0.7063315539172189,302.46666666666664,1748.4640382338473,1,18148,synthetic_warning,monitor
47.33333877520914,0.7505657414819986,202.21666666666667,2335.0620962255107,0,12133,,monitor
38.32202219124489,1.0880457534846935,255.65,1995.5434392770892,0,15339,,monitor
59.35073017310522,1.6541463311343283,181.43333333333334,2019.642614447766,0,10886,,monitor
60.9159123064493,0.37955219243585214,353.31666666666666,2368.6256537889976,0,21199,,monitor
68.8833811158284,1.1474165288496765,164.25,2036.0821762951769,0,9855,,monitor
72.1420223447413,0.5683848339493982,204.7,1974.7858041942723,0,12282,,monitor
72.12998636499051,0.8279841522660591,238.06666666666666,2311.702660006577,0,14284,,monitor
49.0177876603551,0.9224500536775155,148.08333333333334,2400.689029600934,1,8885,synthetic_warning,monitor
54.82961468545208,0.9028220797970883,254.78333333333333,2033.816925221128,1,15287,synthetic_warning,monitor
62.323008662932416,0.8631714211192771,350.9,2136.2734990292347,0,21054,,monitor
80.7871420996796,1.0525224711317296,193.21666666666667,1748.1943966200024,0,11593,,monitor
71.32089283342525,0.8626605516792976,259.6333333333333,1712.6926305759634,0,15578,,monitor
68.07457445798542,0.5381399153010467,23.8,2446.1163758850635,0,1428,,monitor
54.50990840005638,1.3229543643829718,227.08333333333334,2300.2239281450798,0,13625,,monitor
50.05120331960388,1.3135052585021083,206.51666666666668,2304.884297287459,0,12391,,monitor
65.10017095044915,1.345111008507934,168.61666666666667,2226.384456926485,0,10117,,monitor
48.094048621890764,0.5107429263075715,311.1166666666667,2120.791474116729,0,18667,,monitor
55.85407284117728,1.154621353404453,205.53333333333333,2413.385350870246,0,12332,,monitor
56.966998458982694,1.2865925995324232,216.68333333333334,2520.798942460253,0,13001,,monitor
72.33620880210528,0.6890792760461453,201.71666666666667,2510.0526023357916,0,12103,,monitor
54.8077242733629,1.0532106368637453,86.23333333333333,2054.649937824306,0,5174,,monitor
36.04675325284646,1.009306674141372,145.1,2724.146728458977,0,8706,,monitor
62.54000182896222,1.6947527304988923,302.0833333333333,2202.8073067795444,0,18125,,monitor
51.70880332206466,1.7235736129544006,71.75,2384.569286654609,0,4305,,monitor
58.38367921993972,0.4674752623344298,172.53333333333333,2226.9395508756957,0,10352,,monitor
57.21965769242089,1.9228744520047965,200.01666666666668,2211.1530183678783,0,12001,,monitor
55.53666403764009,0.7296709975963367,360.76666666666665,1768.9116043873562,0,21646,,monitor
65.11306523606234,1.393235653014599,287.65,2415.607877255172,1,17259,synthetic_warning,monitor
44.20421609482563,1.3896742933023059,188.21666666666667,3380.3824777084374,0,11293,,monitor
53.34687197541076,0.7015084206053677,327.8333333333333,1931.3422163444625,0,19670,,monitor
64.15634121805643,1.2226437278436846,174.46666666666667,2131.9476219412268,0,10468,,monitor
52.47323702190069,1.0123631895068776,305.68333333333334,1899.207631043732,0,18341,,monitor
43.52073961657025,1.2440155016213368,128.08333333333334,1880.3910442971294,1,7685,synthetic_warning,monitor
64.01699808931062,1.130735305833219,310.5,2795.0022651534027,0,18630,,monitor
68.10785167397385,1.4687188198795864,199.53333333333333,1797.1630420226409,0,11972,,monitor
57.59504313121294,1.0763898401011218,152.86666666666667,1886.6637869851374,0,9172,,monitor
40.35238961377421,0.9912440757007911,213.71666666666667,1385.6282293209144,0,12823,,monitor
64.35372772028934,1.4336224815700132,250.8,1759.0747239559887,0,15048,,monitor
43.061009067222805,1.2531385877005112,192.9,1331.2200481709936,0,11574,,monitor
60.77919349163349,1.3061346880123108,271.55,2384.3121146453677,0,16293,,monitor
50.01282557732056,0.8173946647094912,186.28333333333333,3359.863749826789,0,11177,,monitor
47.56144642809731,0.6841580265105341,276.53333333333336,1934.994542857265,0,16592,,monitor
54.02280984628279,0.8512972498615545,263.1666666666667,1349.9589301543933,1,15790,synthetic_warning,monitor
56.35032199215466,0.832712515011794,225.43333333333334,2504.99984899338,1,13526,synthetic_warning,monitor
52.202125746521965,1.32516974402852,196.9,1772.8837684814293,1,11814,synthetic_warning,monitor
63.29832950393636,1.391594417602918,241.36666666666667,2684.706118749093,0,14482,,monitor
53.985375593870494,0.9957043986636599,271.26666666666665,1973.086928494525,0,16276,,monitor
66.8217178450464,1.5508216565885233,384.6333333333333,1815.6829399127487,0,23078,,monitor
60.530558490791314,1.5289642878177954,300.45,2019.9190999144412,0,18027,,monitor
51.72198514063323,1.1351896207401888,303.2,2440.9995424212843,0,18192,,monitor
50.206541045509425,0.7623378799599361,461.6333333333333,1997.6607161599545,0,27698,,monitor
43.17253330857305,1.601381827302439,268.7,1876.4738837428326,0,16122,,monitor
60.6165986008014,1.0286439271400571,266.35,2010.5257786595078,0,15981,,monitor
54.80871207473778,1.0941578187508412,282.8,1527.6651669746018,0,16968,,monitor
36.65024024742837,0.931138241037701,154.33333333333334,2278.664221032291,0,9260,,monitor
53.1785661450754,0.7385733857959809,196.7,1295.9730327697903,0,11802,,monitor
49.89069373670543,0.5359761993896479,192.03333333333333,1900.1453455355181,1,11522,synthetic_warning,monitor
72.18109832953594,1.2715039132450507,278.56666666666666,2441.7233439738343,0,16714,,monitor
42.674992492960214,0.7758096311361828,216.93333333333334,2236.3717273197226,0,13016,,monitor
45.027842802393515,2.120835930148888,240.36666666666667,2365.6442578438755,0,14422,,monitor
67.9897267879513,0.6698742460856324,311.56666666666666,2070.729447276536,0,18694,,monitor
70.21086841717567,0.6099161337565207,294.73333333333335,2626.3857814434823,0,17684,,monitor
51.29515355146923,1.2285485504647045,217.86666666666667,2516.1146385464062,0,13072,,monitor
52.3112275947198,1.5852597176385532,179.75,2300.7634519114536,0,10785,,monitor
63.546118568979814,1.0726063799301275,315.15,2517.3955997910944,0,18909,,monitor
37.056101827492206,1.250284847065546,288.05,2437.6905994816098,0,17283,,monitor
41.24925683945,0.4047584038894517,109.53333333333333,1902.2414189938993,1,6572,synthetic_warning,monitor
55.473399392343595,0.8128709590078818,206.51666666666668,1495.2454897388998,0,12391,,monitor
71.94901509516214,0.6742344948018516,242.41666666666666,2289.162956629181,0,14545,,monitor
54.078429206499344,0.3867339525182417,288.4166666666667,2345.740153874143,0,17305,,monitor
58.90843112561639,1.0909430819083605,298.25,2590.7123960123545,0,17895,,monitor
68.2041034530761,0.2650103324363484,251.3,1678.655426229618,0,15078,,monitor
76.96196259950332,0.5872314118693931,273.9,1692.1060233252765,0,16434,,monitor
52.80836374166519,0.8619821720953037,234.81666666666666,2306.9551198384966,0,14089,,monitor
57.84846948639917,0.7590499574171233,179.46666666666667,2067.974855016111,0,10768,,monitor
74.39849699208558,1.1887429757724737,210.4,1251.4072752429925,1,12624,synthetic_warning,monitor
44.30020652327714,1.156953067165868,231.41666666666666,2268.798673689386,0,13885,,monitor
67.2482296349844,1.36282956107741,227.4,1266.4096882549704,0,13644,,monitor
48.835160208748675,1.3133343064494374,88.58333333333333,1674.6345516569806,1,5315,synthetic_warning,monitor
58.92225130392841,1.4492844762764834,200.18333333333334,2708.256617787048,0,12011,,monitor
55.81642857339753,1.0493285599968312,234.21666666666667,2921.1955580132017,0,14053,,monitor
49.37789559368893,1.1562134152858343,208.9,1552.954634187617,0,12534,,monitor
49.152082651075524,1.229029795671717,211.48333333333332,1951.7738081642876,0,12689,,monitor
60.487729278283794,1.099579844086859,266.6,2119.1801353854175,0,15996,,monitor
66.95985395346413,0.9109819915290243,149.08333333333334,2901.5521174117057,1,8945,synthetic_warning,monitor
56.83237417130347,0.9336451129810804,107.9,1878.2089734790193,0,6474,,monitor
58.63101842859895,0.7638545605845122,203.88333333333333,1885.4021896350248,0,12233,,monitor
63.14056659661942,1.1975658904684403,287.31666666666666,2796.9265013082877,1,17239,synthetic_warning,monitor
49.25543104288336,1.0170946890701955,356.56666666666666,1931.3448812767838,1,21394,synthetic_warning,monitor
64.65723257571631,0.8178891872771323,288.6666666666667,2424.990769034906,1,17320,synthetic_warning,monitor
65.37408787353772,0.8182143132363926,119.88333333333334,1435.2856656994077,0,7193,,monitor
81.43263668875369,0.6263604452760241,212.56666666666666,2022.9452651584531,0,12754,,monitor
54.61506228496376,1.39259446943302,249.25,1353.1814227531179,0,14955,,monitor
53.87726378498685,1.0775161843361256,243.31666666666666,1625.0547985699332,0,14599,,monitor
64.92069284416371,0.7480199931493555,270.45,2477.6406098185184,0,16227,,monitor
65.37193752020924,1.3329917123607065,161.21666666666667,2077.5425740109795,0,9673,,monitor
53.18421561960959,0.8538429165719695,234.86666666666667,1956.4024167511614,0,14092,,monitor
54.37153590762956,0.5577247805457186,261.51666666666665,1763.062669208587,0,15691,,monitor
62.87017754396236,1.4074278012266965,291.93333333333334,2000.7047670414227,0,17516,,monitor
50.55174183338805,0.8620160536518605,169.56666666666666,2235.500925195312,0,10174,,monitor
54.305194107864864,0.9068853184269237,204.11666666666667,2542.3122929077927,0,12247,,monitor
58.80633490631591,1.0644130071222122,27.216666666666665,918.683992156439,0,1633,,monitor
66.96344816340033,1.4499062279765402,183.38333333333333,1725.7074715817357,0,11003,,monitor
52.55861245438413,1.057013051803209,190.66666666666666,2171.5933089850528,1,11440,synthetic_warning,monitor
41.418539841723955,0.6303090058491695,153.53333333333333,2055.5115978169715,0,9212,,monitor
40.7506227923361,1.2403569514392632,242.41666666666666,2281.519309137026,1,14545,synthetic_warning,monitor
46.665282399644795,0.8802535965083966,225.8,2220.3931287569494,0,13548,,monitor
46.18149053620056,1.710773390035313,60.56666666666667,1962.8094616529668,0,3634,,monitor
56.60850317242082,1.0496080973007385,246.16666666666666,1862.9160618057704,0,14770,,monitor
47.30007861762155,0.26773757573546697,160.38333333333333,1989.5243296190247,0,9623,,monitor
51.675205361609166,1.1750777402544859,266.43333333333334,2616.9340574202342,0,15986,,monitor
51.03322703516155,1.73060922729108,133.86666666666667,1770.5964301924284,0,8032,,monitor
54.03542925236806,1.6015721009908863,232.25,2071.73697458522,0,13935,,monitor
69.9025389837081,1.6908340010647978,208.76666666666668,2182.5039962992896,0,12526,,monitor
63.95752830487465,0.6930839351164879,252.73333333333332,2802.157918443506,0,15164,,monitor
58.14516473748404,1.3692533385918726,239.35,1964.8612837936591,0,14361,,monitor
53.85076347477246,0.797301911092151,210.86666666666667,2531.4629952049327,0,12652,,monitor
54.10090609039281,1.1285012897959237,114.78333333333333,2654.39073146926,0,6887,,monitor
60.949718229567544,0.6044666499410938,119.21666666666667,2071.3105807542083,0,7153,,monitor
63.25752166017061,0.8244404822910494,186.21666666666667,2005.176459415457,0,11173,,monitor
49.831442445094595,0.8133136559227347,229.38333333333333,1951.9258475783026,0,13763,,monitor
58.32832680052808,1.3644943480499157,184.38333333333333,1984.879589590838,0,11063,,monitor
39.71542388203276,1.3302516925843795,276.8833333333333,2484.4079372595747,0,16613,,monitor
59.90542405753537,1.1468869052657873,209.06666666666666,2203.954489764981,0,12544,,monitor
64.85934317762818,0.5773525036806151,157.61666666666667,2205.880369126441,0,9457,,monitor
55.47938235807212,0.940926198117598,209.15,1593.6494203290742,0,12549,,monitor
74.34874296526095,0.788859230970046,246.93333333333334,1664.6294651811445,0,14816,,monitor
50.06885397307555,1.3543865148430718,254.36666666666667,3064.551071149641,0,15262,,monitor
59.95696373772935,1.4623646984860146,370.8833333333333,2019.9784236200896,0,22253,,monitor
57.6775772800064,1.4197349551108092,179.83333333333334,1751.3526019897379,0,10790,,monitor
57.097320993009326,0.7856732032040429,224.48333333333332,2743.9946245151837,0,13469,,monitor
56.97110048795727,0.09116340719868243,261.96666666666664,2226.8138469075984,1,15718,synthetic_warning,monitor
58.96394527008525,0.431563335654481,228.25,2360.1697125890346,0,13695,,monitor
65.6316286911733,1.547569442328773,192.45,2037.87881612331,0,11547,,monitor
70.3996261264727,0.9095607712380617,113.8,1956.5971092404382,0,6828,,monitor
57.97974779946259,0.7872463836072107,191.68333333333334,2023.6861323762193,0,11501,,monitor
65.33784464954469,1.624931102702682,149.46666666666667,1477.767823365618,0,8968,,monitor
51.68409748359896,1.4928059809209144,100.5,2060.4326657610463,0,6030,,monitor
64.8935990745361,1.0585570526719255,170.31666666666666,2233.214884669178,0,10219,,monitor
51.14207628555709,0.9473089181276092,151.46666666666667,2932.708455229689,0,9088,,monitor
67.81593942479319,1.0037645755154063,273.78333333333336,2138.699579252347,0,16427,,monitor
77.89576789653916,1.1295069794356132,275.0833333333333,1049.6203310053627,0,16505,,monitor
56.901245008257476,1.610016548461863,162.21666666666667,2057.7065552469203,0,9733,,monitor
38.26710858273332,1.1978635984830295,210.48333333333332,3332.7768598987377,0,12629,,monitor
53.06734360079659,1.3041101615636994,90.63333333333334,2489.864805743268,0,5438,,monitor
69.08687620860373,1.45924453817456,192.91666666666666,1735.099975286135,0,11575,,monitor
62.97769108322721,0.6406133996414534,259.9166666666667,2365.9979314937505,0,15595,,monitor
60.24022238807527,1.314201662365915,291.8666666666667,1766.0939587996168,0,17512,,monitor
67.07801520359355,0.946900935868436,176.51666666666668,1490.786616203914,0,10591,,monitor
62.360080953235794,0.16936668147953204,308.8833333333333,1943.2337865446675,0,18533,,monitor
68.95952668706023,0.3051406603049659,116.31666666666666,2141.1868976574874,0,6979,,monitor
66.27481308982287,0.6936588359684601,136.43333333333334,1257.530023904972,0,8186,,monitor
71.69530407463263,1.2359281300074034,283.21666666666664,1582.8783192576138,0,16993,,monitor
61.22916475515629,1.0898298478691038,355.3333333333333,2104.6510034320595,0,21320,,monitor
66.1473346134456,1.1145283475114824,267.0,1916.3220708049707,1,16020,synthetic_warning,monitor
55.23585634222793,1.7328302189403422,226.96666666666667,2277.665072015741,0,13618,,monitor
52.58685269596894,0.6058186347990657,65.36666666666666,1553.3992527111473,0,3922,,monitor
73.36090876377077,1.0403983260356968,78.31666666666666,2421.3511868489854,0,4699,,monitor
59.94584208690419,1.1565524329848356,239.7,1567.308406322912,0,14382,,monitor
65.24392509276142,0.7923044092115826,203.15,2839.2304358719334,0,12189,,monitor
59.11366012970251,1.0599143607790293,147.06666666666666,1327.9087720297575,0,8824,,monitor
52.72135914172032,0.49001773307047936,234.91666666666666,1608.3505783274643,0,14095,,monitor
58.098846033241614,1.5434671760462597,238.63333333333333,2287.8168613643234,0,14318,,monitor
70.92394615990943,0.8114349066143483,300.8333333333333,2848.904963173937,1,18050,synthetic_warning,monitor
62.997160668514816,1.7609900576724762,240.25,2241.769366252277,0,14415,,monitor
42.59674156242587,1.0386339866288907,322.1333333333333,2353.286064082076,0,19328,,monitor
56.06279989081461,1.4098187478897142,230.6,2107.8916057528763,0,13836,,monitor
74.04064413434241,1.031343995853096,221.35,1638.120695648163,0,13281,,monitor
56.075828243350394,1.0392396587088146,309.81666666666666,1879.4377432922793,0,18589,,monitor
41.795691774392374,0.8455897333722974,156.61666666666667,1554.6406260084254,1,9397,synthetic_warning,monitor
75.03743996880289,1.0916933752781972,441.0833333333333,1524.5805145004078,1,26465,synthetic_warning,monitor
64.14153258831513,1.1612995430449167,258.15,2280.787013693886,0,15489,,monitor
57.3698842706848,0.775509521879687,258.56666666666666,1594.5699080604172,0,15514,,monitor
54.65724037526138,1.0062344544490405,269.3833333333333,2243.7993030255125,0,16163,,monitor
67.74116736812562,0.8364653968800102,370.78333333333336,1514.1797615005062,0,22247,,monitor
53.122149397964264,1.8548824243651936,289.43333333333334,2233.3723590525397,0,17366,,monitor
68.3343078206439,1.0185942305309335,109.61666666666666,1880.0928439666668,0,6577,,monitor
62.879757571518304,1.5908312530937958,335.26666666666665,2732.97699014279,0,20116,,monitor
60.20213732938615,0.9815321842173091,204.43333333333334,2245.673503010579,0,12266,,monitor
59.30963324802036,1.1407506745372178,238.03333333333333,2656.1023018473634,0,14282,,monitor
56.4252876695724,0.5875225749241558,134.05,1759.9589776086634,0,8043,,monitor
67.4107610818834,0.8935245928462474,269.46666666666664,2125.2645031098755,1,16168,synthetic_warning,monitor
50.21191451108349,1.1236871347762365,181.15,1658.5107788476748,0,10869,,monitor
43.40267385852812,1.6051013408359533,237.51666666666668,1913.8776407650118,0,14251,,monitor
63.529961106032275,1.127693972186695,208.7,1982.0530997649169,0,12522,,monitor
63.68114495260433,1.5343021264175496,374.3833333333333,1773.3638006907872,0,22463,,monitor
62.322170372605896,1.274255188571022,378.6666666666667,1553.0237135194373,0,22720,,monitor
61.669555326562346,1.61959046881264,233.48333333333332,1463.9172043563062,0,14009,,monitor
55.11513659496207,1.0293352239432307,234.8,1047.1133479316713,0,14088,,monitor
65.08734433946972,1.8865779487281316,202.0,1624.644091423444,0,12120,,monitor
57.58997685920913,0.8801113289800571,312.95,2382.37225350233,0,18777,,monitor
53.6159779526634,0.7817383580308159,205.33333333333334,1380.6756605940227,0,12320,,monitor
55.1929781897014,0.6264815026088382,198.4,1484.3447191860128,1,11904,synthetic_warning,monitor
76.18575728898249,1.8658586350453246,303.4,2905.904357054812,0,18204,,monitor
42.38521526159111,1.3368066504162641,189.63333333333333,1813.5767775682857,0,11378,,monitor
62.49809293866219,0.9330577433168921,227.16666666666666,2244.4707041241763,0,13630,,monitor
42.88800615138655,1.4871579439057232,111.4,2389.0427159252226,0,6684,,monitor
57.025899955093244,1.2906922647912238,282.81666666666666,2398.136758401576,0,16969,,monitor
54.09735263361231,1.7381446149814566,375.56666666666666,1414.9585962263732,0,22534,,monitor
39.2347453298811,0.5082585085410312,284.1,1996.0231440452294,0,17046,,monitor
61.501338313903865,0.9571239620900109,339.6333333333333,1371.7977287167237,0,20378,,monitor
54.57965744027024,0.8881175156200112,166.55,3200.8430365096456,1,9993,synthetic_warning,monitor
39.1071429169488,0.3592110632569896,247.71666666666667,1382.30613119298,0,14863,,monitor
65.55611281696827,1.421114521672893,159.26666666666668,1628.471901508581,0,9556,,monitor
70.91505560190042,0.9553612054688246,212.91666666666666,1631.7296153213229,0,12775,,monitor
71.41111908066915,1.3088709217452967,287.9166666666667,1426.5027854747038,0,17275,,monitor
61.23060796586324,1.875920177015364,237.63333333333333,2708.6672593904455,0,14258,,monitor
58.41452324719404,0.9263647078603372,124.05,3190.101555487573,0,7443,,monitor
69.95340958806217,0.9025964560699957,131.36666666666667,1885.9128963093222,0,7882,,monitor
73.14145226806089,1.0915324594033986,126.41666666666667,1505.8095839200155,0,7585,,monitor
68.20211832588062,1.3955365735441934,266.8666666666667,1093.3835255732906,1,16012,synthetic_warning,monitor
49.52616157993179,0.8516504411414476,384.8,1990.1510766650542,0,23088,,monitor
59.8121036789343,0.8291634410037543,332.18333333333334,1957.6355595773503,0,19931,,monitor
61.955645298622855,1.420016244584478,87.8,1806.9167431379349,0,5268,,monitor
41.71344727974494,1.1825237633433126,336.5833333333333,2199.6188642893026,0,20195,,monitor
62.22424593658697,0.33434510794831285,300.23333333333335,2277.827914266969,0,18014,,monitor
78.4569264338145,0.6211128701858122,114.1,2245.3874660720553,0,6846,,monitor
63.75942549220712,1.5754325523395236,207.26666666666668,1957.7438076141807,0,12436,,monitor
71.2607177329758,1.1906748990775844,312.1666666666667,1604.270176691582,0,18730,,monitor
59.64623257115834,0.7832314241369629,271.28333333333336,2399.624894013022,0,16277,,monitor
57.34103508414561,0.9903566199677563,131.81666666666666,2105.631191739689,0,7909,,monitor
61.43144251072878,1.0546328354805845,275.8,2499.7608861755925,0,16548,,monitor
50.65756016814011,1.3075066760980574,69.68333333333334,2455.5339972625043,0,4181,,monitor
49.326023314890506,0.5746078117994238,213.28333333333333,1460.207068928798,0,12797,,monitor
69.3967410145243,0.7556678014653397,315.35,1454.6000066440786,0,18921,,monitor
70.35108108579867,1.1455345142021862,231.38333333333333,1760.0066765667623,1,13883,synthetic_warning,monitor
49.080043159713846,1.0150578968265924,192.58333333333334,1624.6805662691995,0,11555,,monitor
66.71198924098478,1.2501507139228485,296.7,2439.8632991892455,0,17802,,monitor
57.21736021954581,0.6196724109241408,303.1,2258.089354194563,0,18186,,monitor
61.058277170413874,1.1749950366949624,328.25,2594.6327972033896,0,19695,,monitor
62.14196775491557,1.4320542667821152,295.5833333333333,2278.419067834913,0,17735,,monitor
66.94915421311886,1.2203864915022493,311.1,2193.892311843016,0,18666,,monitor
58.7444638167687,1.0986891089165571,284.96666666666664,2639.878401154877,0,17098,,monitor
70.69145795771742,1.0164407391019101,249.91666666666666,2311.377302880772,0,14995,,monitor
60.78471555783932,0.7578020965299744,236.71666666666667,2130.6454335469734,0,14203,,monitor
63.6176584522258,1.024800492646074,212.2,2766.2038652688084,0,12732,,monitor
50.50063667616478,1.490897048508142,139.06666666666666,2151.8313974187554,0,8344,,monitor
77.42793109634351,1.0083400226899562,158.35,1963.0467277869352,0,9501,,monitor
62.228424308844694,0.7385686037280565,208.85,1722.9795335500576,0,12531,,monitor
64.41697682810589,0.8777135189321148,248.11666666666667,2416.361456570435,0,14887,,monitor
43.52632769909613,1.1202976040465755,338.06666666666666,2656.672743829111,0,20284,,monitor
50.59568179228809,0.9192701009867036,226.86666666666667,2077.2356693549564,0,13612,,monitor
69.14095319126858,1.2198561490720992,305.26666666666665,2688.5620307009276,0,18316,,monitor
60.58202006463344,1.2329953162621607,310.95,1213.4932356127908,0,18657,,monitor
40.77598238653967,1.3611441131416269,212.63333333333333,2075.045981336438,0,12758,,monitor
67.34460936085438,1.5482458152927614,274.6,2081.9572895530036,0,16476,,monitor
53.10595476082549,1.3985505535303262,211.73333333333332,1772.852532416694,0,12704,,monitor
70.70185287289041,0.7230163275482141,329.1666666666667,3172.737467091843,0,19750,,monitor
57.2094788925667,0.7337629436983049,277.68333333333334,2070.2133152900574,0,16661,,monitor
59.84236017418477,1.0234799832390615,140.71666666666667,1916.521152778005,0,8443,,monitor
68.61059120732483,0.892088624966205,242.11666666666667,2111.682951045077,0,14527,,monitor
49.92256326230804,0.6515856455636702,353.6166666666667,1198.7338176633766,0,21217,,monitor
49.06437872949454,0.895407872039452,216.4,1758.0594335947883,1,12984,synthetic_warning,monitor
56.23151421641703,0.8839204732333363,263.5833333333333,2542.457986250432,0,15815,,monitor
65.444555196591,0.814853291083578,270.93333333333334,1816.9745902802515,0,16256,,monitor
46.02210472647859,0.9394736798457481,152.25,1727.006176739878,0,9135,,monitor
42.987688600998126,1.462457797611416,268.3,2689.2865364314803,0,16098,,monitor
65.41348834339414,1.1197333144372337,125.46666666666667,2703.114480428323,0,7528,,monitor
52.57319518689697,1.9151331766194142,183.08333333333334,2332.645712472514,0,10985,,monitor
54.46996588371745,1.1096778651068773,310.68333333333334,1895.1971996825996,0,18641,,monitor
41.28870638253851,0.9484769791219619,256.75,1992.2380206976545,0,15405,,monitor
51.88918617083216,1.051446508929203,207.16666666666666,1738.1325172912684,0,12430,,monitor
57.93189433031964,1.139772192455239,263.48333333333335,1652.3520964371098,0,15809,,monitor
66.37340071860604,1.2023388850098722,225.5,1630.0125802612054,0,13530,,monitor
51.058928503888254,1.7768489640506582,230.95,1821.8755169466567,0,13857,,monitor
72.91638508209248,0.7541378372578511,279.26666666666665,1634.3755541918647,0,16756,,monitor
51.838995782381794,1.3506661203622075,175.45,1396.3326966555828,0,10527,,monitor
51.85217378573343,1.1227127091649434,233.03333333333333,2198.7312013892574,0,13982,,monitor
71.83621796708022,0.500115790100284,206.58333333333334,2205.5680114020465,0,12395,,monitor
59.903141371275254,1.3197445737331672,111.08333333333333,2865.3567412927423,0,6665,,monitor
53.03177743889581,1.4936682462813666,160.96666666666667,1799.2477342403838,0,9658,,monitor
56.60380181937466,0.7499882586778996,347.6166666666667,2233.2452653304717,0,20857,,monitor
70.17766219787853,1.0468731462378102,258.85,2240.720660673661,1,15531,synthetic_warning,monitor
71.19582537663113,0.44612600829730387,130.73333333333332,1985.77309749351,0,7844,,monitor
50.648861386567695,0.6094177391104822,114.46666666666667,2434.950114937354,0,6868,,monitor
57.61809570928803,1.4168103521660385,221.58333333333334,2448.8531340828213,0,13295,,monitor
58.811411449008155,0.8867542228973979,347.0833333333333,2247.334992838893,0,20825,,monitor
49.12383900535062,0.6619189587716863,216.0,1984.962132728492,0,12960,,monitor
57.49883452615005,1.1303111275604505,328.01666666666665,1939.1114511504593,0,19681,,monitor
58.047905744065304,0.8671556489991419,256.4,1484.5107455413233,0,15384,,monitor
68.26188531043061,0.8852124197785625,265.35,1737.3369996220388,0,15921,,monitor
68.8668252548008,1.308764108986216,129.81666666666666,1820.0966142442405,0,7789,,monitor
55.03711541476893,0.6433933243729788,300.31666666666666,1594.2127069067546,0,18019,,monitor
56.074421705252696,0.7331221755613588,204.88333333333333,2297.965785009449,0,12293,,monitor
63.97863071850072,1.103927997252104,294.73333333333335,2638.4825410441545,0,17684,,monitor
52.733303959656894,1.389293426761872,168.93333333333334,1691.3719054518824,0,10136,,monitor
63.297761365636624,1.4833561055214475,243.28333333333333,2227.5486460850866,0,14597,,monitor
57.208841613677066,0.817228397873432,256.4,1634.6499872116303,1,15384,synthetic_warning,monitor
49.27541280035241,1.3780819384218768,218.45,1962.785023077377,0,13107,,monitor
49.38846958408318,0.7755501972853569,260.3333333333333,1789.351689370001,0,15620,,monitor
71.02352826427992,1.68917327141738,210.01666666666668,2370.8530418728988,0,12601,,monitor
56.592206687710316,0.6531801411030951,181.31666666666666,1794.5453217710196,0,10879,,monitor
72.7631868450848,1.5149675837771057,350.4166666666667,2555.247186167991,1,21025,synthetic_warning,monitor
53.37727365356581,0.8202298626134468,308.6666666666667,1989.4256518520106,1,18520,synthetic_warning,monitor
60.62084681018344,1.7546362591781102,172.93333333333334,1807.678330682326,0,10376,,monitor
79.53409050716417,1.2569622550983695,272.6333333333333,1536.0126319446767,0,16358,,monitor
48.48351929803049,0.6943942147071224,174.3,2213.942029632907,0,10458,,monitor
40.91966950090201,0.8672165321601226,141.15,2502.8482810017813,0,8469,,monitor
69.5793111815851,1.3234134218283096,307.53333333333336,2222.9945654415933,0,18452,,monitor
50.558718051462336,1.4184255461654465,102.2,3107.4742498864907,0,6132,,monitor
57.8136427230439,1.025249542896438,299.51666666666665,2743.4043536116883,0,17971,,monitor
52.726736105935736,1.0656303983372133,211.05,1961.612505877343,0,12663,,monitor
60.41346502859785,1.315423561425423,214.13333333333333,1956.8876547868188,1,12848,synthetic_warning,monitor
49.44517413532832,1.096129449453787,260.73333333333335,2311.363523768409,0,15644,,monitor
56.38053920905025,0.5972732992315686,273.5833333333333,1722.8913688084417,1,16415,synthetic_warning,monitor
62.04833793900881,0.7654590913759368,168.01666666666668,2624.829737939619,0,10081,,monitor
48.925220023531644,1.1322919801030829,283.8333333333333,2262.7202348296128,0,17030,,monitor
51.699243733187004,1.4754188457741928,238.5,2215.40650988634,0,14310,,monitor
54.87355449761321,1.6155938484567167,135.8,2409.129150496867,0,8148,,monitor
45.140661091963494,1.3228352972700077,217.26666666666668,2875.2734475160764,0,13036,,monitor
54.19695115481128,1.1505517663627274,333.6,2176.9299084843774,1,20016,synthetic_warning,monitor
59.069168859126115,1.312084860093867,355.75,2049.131833107877,0,21345,,monitor
54.40405952570414,0.8166372024276005,283.8,2778.9238304951605,0,17028,,monitor
55.55761156361448,0.996369163909625,140.71666666666667,2535.397687196011,0,8443,,monitor
57.82088496184073,0.7615542475311832,266.8,1955.559071827325,0,16008,,monitor
52.098308838109176,0.612940086252301,293.81666666666666,2102.333901896559,0,17629,,monitor
64.21956309280189,1.1667421540726717,284.43333333333334,2187.9214121724594,0,17066,,monitor
70.92380312321598,1.1149296573046603,288.8666666666667,2262.815825072242,0,17332,,monitor
53.820576470240965,1.2906783695781545,257.25,1489.5300670773986,0,15435,,monitor
62.366784083299365,1.2411391408123564,224.56666666666666,1405.881926489298,1,13474,synthetic_warning,monitor
55.84344560108818,1.1349254949633518,184.36666666666667,1700.6744900988958,0,11062,,monitor
61.289386105346544,1.2448158329871442,87.65,1665.867700644896,0,5259,,monitor
72.09201578082929,1.0350609163203832,255.46666666666667,1810.2791937123739,0,15328,,monitor
62.57793588716289,1.1945119883278403,243.95,2385.619788940502,0,14637,,monitor
42.039269150712876,0.7958494590597742,271.81666666666666,2023.9818796538677,0,16309,,monitor
62.085960683022634,1.1793970739736956,129.68333333333334,2188.3775722545847,0,7781,,monitor
69.09577368978108,1.2839461898501034,278.3833333333333,1549.0634654809824,0,16703,,monitor
56.00563447001708,0.8156115001747289,384.0833333333333,1892.2610086855748,0,23045,,monitor
66.9607132550605,1.0681412346474963,235.88333333333333,2364.265947785178,0,14153,,monitor
51.788960129632486,0.8317391216297242,225.38333333333333,2367.7286061795608,1,13523,synthetic_warning,monitor
44.630147564299534,0.8657226562193598,253.18333333333334,1773.9417773154414,0,15191,,monitor
59.27052116949376,0.6562747257142459,382.43333333333334,2172.748073870799,1,22946,synthetic_warning,monitor
42.19170951328317,1.4930212238082945,153.23333333333332,3089.4815340670493,0,9194,,monitor
55.84206088395767,1.4229898111520167,245.23333333333332,2092.080931834963,0,14714,,monitor
69.58158036380952,1.238101848979568,170.03333333333333,1788.0658742358996,0,10202,,monitor
40.81213384828347,1.7402685831803348,188.96666666666667,2021.8069247870278,0,11338,,monitor
46.48452883677492,0.983764006201063,226.28333333333333,2141.4796983870747,0,13577,,monitor
48.7117097935458,2.1111168452887217,331.05,2031.9742286892529,0,19863,,monitor
57.43012126260136,0.9703647046228729,365.06666666666666,2085.890384695574,0,21904,,monitor
54.70854892918412,1.1393176731146057,263.6166666666667,1450.4489413784222,0,15817,,monitor
70.59222743526479,0.9107777301209272,201.75,1666.816286211322,0,12105,,monitor
72.47274666420014,1.72637255142477,512.2,2723.0308519183104,1,30732,synthetic_warning,maintenance_soon
66.8718726720995,1.5992784976126158,481.68333333333334,1929.387106568683,0,28901,,maintenance_soon
85.55012992609994,2.0155527016812353,289.85,3207.6057690466287,0,17391,,maintenance_soon
63.59664045321162,1.1480234118226953,368.8666666666667,2460.9011257442467,0,22132,,maintenance_soon
75.42108975103795,2.214852973908788,315.55,2784.751205378289,0,18933,,maintenance_soon
69.43807406158854,1.4708931333876878,368.6,2172.254894628977,0,22116,,maintenance_soon
86.0763781555944,2.066773648970929,518.35,2543.764416236908,0,31101,,maintenance_soon
64.77213970220927,1.665270848188828,276.2,2676.979892452288,0,16572,,maintenance_soon
66.11789390591734,1.7810115792738832,260.48333333333335,2795.032027337235,1,15629,synthetic_warning,maintenance_soon
64.24145549390539,1.5593905572557207,323.71666666666664,3011.082306829905,0,19423,,maintenance_soon
74.58772040760488,1.8274467559686391,412.98333333333335,3433.193036733937,0,24779,,maintenance_soon
61.01559472345087,2.750220795707809,439.6666666666667,3122.392814818517,0,26380,,maintenance_soon
68.17177204193787,2.5232768321718884,425.0,3223.352398984348,0,25500,,maintenance_soon
54.78107341716572,2.0595155297479555,484.05,3436.2858083749807,0,29043,,maintenance_soon
73.92337083302472,1.8886175804957714,248.95,3050.671467869987,0,14937,,maintenance_soon
67.9982811299499,2.279890535811798,485.06666666666666,2783.848833927642,1,29104,synthetic_warning,maintenance_soon
60.095546048545174,2.4084866773484004,365.03333333333336,3244.0092387522245,0,21902,,maintenance_soon
80.68487522379247,1.5265817280066116,448.51666666666665,3272.124085823129,0,26911,,maintenance_soon
61.53866481292049,1.8651525095655088,284.1333333333333,3085.3689687050555,1,17048,synthetic_warning,maintenance_soon
78.37554952022572,1.0801187966943637,390.4,2159.9638573041148,0,23424,,maintenance_soon
66.39167340809756,2.405395949617403,408.9,2429.757532638355,0,24534,,maintenance_soon
84.8125710231634,2.829260915965385,482.46666666666664,2679.064194226587,1,28948,synthetic_warning,maintenance_soon
77.99640431140917,1.9360371810803885,263.18333333333334,3143.0332491237955,0,15791,,maintenance_soon
63.93561703300777,0.9437454437936424,392.46666666666664,2790.6075756089535,0,23548,,maintenance_soon
64.66333958231755,2.174000732459664,303.18333333333334,3300.222198718248,0,18191,,maintenance_soon
76.84420164179448,1.4931598752329138,430.43333333333334,3378.7041166474837,0,25826,,maintenance_soon
69.90097495431867,1.6014927512509929,452.18333333333334,3327.635006217971,0,27131,,maintenance_soon
70.64525994382907,2.1819593754059516,492.96666666666664,3330.4378483713263,0,29578,,maintenance_soon
82.17791089417679,2.014549356480726,347.2,2343.722681950164,0,20832,,maintenance_soon
66.01048901304034,1.6803510510976292,464.18333333333334,3012.359619760541,1,27851,synthetic_warning,maintenance_soon
72.73035017740364,1.607677465329251,498.8666666666667,2532.687221979617,1,29932,synthetic_warning,maintenance_soon
79.63702234921846,1.9566262248493747,258.53333333333336,2074.4108142019527,0,15512,,maintenance_soon
78.47293990708481,1.7157405013694345,438.98333333333335,2673.512701895432,0,26339,,maintenance_soon
70.72309865983462,1.4008432898786465,466.68333333333334,3382.8842648759905,1,28001,synthetic_warning,maintenance_soon
69.68875295317874,1.750346568334738,369.3,3002.726484452124,0,22158,,maintenance_soon
58.08947629983255,2.052816680464833,293.1333333333333,3687.8361235065922,0,17588,,maintenance_soon
63.550040058678434,1.819853439931165,465.43333333333334,2877.981263917969,0,27926,,maintenance_soon
74.54687381259787,1.2639211307883165,294.03333333333336,3877.033211580879,0,17642,,maintenance_soon
70.89694248846212,2.3450790796189924,375.73333333333335,2878.1093392275025,0,22544,,maintenance_soon
72.59941662852981,0.6675348533754997,386.78333333333336,2809.891330307644,0,23207,,maintenance_soon
80.31402887707249,1.699135680237204,447.25,2237.0683613145416,0,26835,,maintenance_soon
62.5014151275018,1.6209106954507377,339.8666666666667,3288.647605728818,1,20392,synthetic_warning,maintenance_soon
70.1105575821388,1.9666804950421366,335.23333333333335,2579.0649432661894,0,20114,,maintenance_soon
73.50968770728974,2.152747813511231,397.9166666666667,2515.29903866016,1,23875,synthetic_warning,maintenance_soon
66.36672049940387,2.4070441637174658,470.51666666666665,3363.7414480555317,0,28231,,maintenance_soon
83.45181691141934,1.579417806991528,573.0,3309.617974270221,1,34380,synthetic_warning,maintenance_soon
79.26869441290518,2.1639620518000666,269.4,3298.102601572699,0,16164,,maintenance_soon
74.32106661671004,1.9881182745466575,415.23333333333335,2640.6359010158085,0,24914,,maintenance_soon
86.3538542346287,1.1298072811675492,303.0833333333333,2777.5706192656894,1,18185,synthetic_warning,maintenance_soon
60.00883776311886,2.7552431149453493,471.5,2773.664065013825,0,28290,,maintenance_soon
71.93818975115454,1.2525511927419102,314.9166666666667,3144.3079994958553,1,18895,synthetic_warning,maintenance_soon
74.93069575147248,2.088773772539372,336.03333333333336,3483.5684541374612,0,20162,,maintenance_soon
64.68355962564863,2.0754819748889863,342.85,2961.984484287299,0,20571,,maintenance_soon
74.40571633454182,2.0240365520480847,383.9,3668.9520775572378,0,23034,,maintenance_soon
63.14734004969698,1.6774404030272765,415.85,3194.765543934547,0,24951,,maintenance_soon
77.52445854619403,2.272263693013226,428.7,2696.688266589656,0,25722,,maintenance_soon
80.46267814503125,1.197834636725607,389.53333333333336,3164.633018696749,0,23372,,maintenance_soon
74.17866720902663,1.8703770450967345,283.6166666666667,3550.61372263186,0,17017,,maintenance_soon
57.17761747948043,1.6462563955513936,448.21666666666664,3679.247152670187,0,26893,,maintenance_soon
64.26565183067173,1.5952159260698358,385.76666666666665,3322.2321916235956,0,23146,,maintenance_soon
76.51768002570529,2.0929365043540953,482.93333333333334,2811.2967596095195,1,28976,synthetic_warning,maintenance_soon
72.16958914809892,2.3848653442238574,333.3833333333333,2704.654968215395,0,20003,,maintenance_soon
50.44797905846009,1.74553490717341,261.81666666666666,3053.470581567012,1,15709,synthetic_warning,maintenance_soon
81.94264307094592,2.2513064904666,387.28333333333336,3536.5487779192604,0,23237,,maintenance_soon
73.09325205003066,1.9223832994500691,493.68333333333334,2990.8584137743587,0,29621,,maintenance_soon
65.44740268799964,1.498270505842896,402.8833333333333,2999.994023622277,0,24173,,maintenance_soon
79.95964478053331,1.783921558041521,374.03333333333336,2822.6150558995205,1,22442,synthetic_warning,maintenance_soon
66.5796798967448,1.7652313491437732,320.3666666666667,2655.7279324422666,1,19222,synthetic_warning,maintenance_soon
66.49238305916629,1.586503039372549,530.6166666666667,2728.6608170766763,0,31837,,maintenance_soon
74.86682120811228,2.092817317895125,307.6333333333333,2859.5874335080334,1,18458,synthetic_warning,maintenance_soon
86.24830767393836,2.0055907844671417,331.96666666666664,3555.9639983455218,0,19918,,maintenance_soon
84.9886974237831,1.1842076357787619,435.6,2694.525937446447,0,26136,,maintenance_soon
74.87769199123285,1.156813302142289,241.51666666666668,2823.1493134010075,0,14491,,maintenance_soon
75.69908527080256,2.0911080039425896,491.96666666666664,2419.2338294211363,1,29518,synthetic_warning,maintenance_soon
78.3319914566786,1.5331211070424593,439.93333333333334,3115.3176692481884,0,26396,,maintenance_soon
61.94413059704521,2.0359185197951457,461.93333333333334,3401.3388386360443,0,27716,,maintenance_soon
77.15318669721586,2.251419210149135,434.65,3514.7790522209725,0,26079,,maintenance_soon
66.12741225485178,1.3280712231674983,377.1166666666667,2889.4803908661124,1,22627,synthetic_warning,maintenance_soon
74.54782453437265,1.2648082354407166,304.95,3052.715884642864,1,18297,synthetic_warning,maintenance_soon
70.1802589791413,2.653494257077883,378.8,2732.437858245183,0,22728,,maintenance_soon
76.00966661691372,2.0582068523331065,311.98333333333335,3032.32821906559,0,18719,,maintenance_soon
72.94482772005168,1.711341704497028,428.9,2938.1446670996543,0,25734,,maintenance_soon
47.4157578334296,1.4797267963091814,454.55,2825.6363303906546,1,27273,synthetic_warning,maintenance_soon
73.43113369364144,1.670301617991724,508.15,2860.611624601937,0,30489,,maintenance_soon
77.1372236183941,1.3642424487490104,419.73333333333335,2998.8458046932055,1,25184,synthetic_warning,maintenance_soon
75.56742678670763,2.2975354783407655,463.96666666666664,2670.5729286679516,1,27838,synthetic_warning,maintenance_soon
71.17931243033136,1.5504619808771556,366.23333333333335,2693.3014114856655,0,21974,,maintenance_soon
85.13729353544325,2.39209056469732,351.73333333333335,3551.2392860154837,0,21104,,maintenance_soon
74.49098503297328,1.7197169861034949,427.9,3992.6405782924085,1,25674,synthetic_warning,maintenance_soon
75.50138640154485,1.4304924173722082,359.0833333333333,2270.0785426450207,0,21545,,maintenance_soon
80.35593515240456,1.7081642853937893,411.53333333333336,2245.8326700745342,1,24692,synthetic_warning,maintenance_soon
74.90074399757279,0.7191249501243624,305.1,2378.8527557644143,1,18306,synthetic_warning,maintenance_soon
64.81585797268637,1.8456541404966968,319.46666666666664,2754.553097383036,0,19168,,maintenance_soon
52.49330068976302,1.8234463639914285,440.8333333333333,3194.1434248563933,0,26450,,maintenance_soon
68.18303278385535,2.2711342359465854,460.93333333333334,3060.1512945012396,0,27656,,maintenance_soon
78.08756420704893,1.0511627824074792,311.15,2875.6937001834062,0,18669,,maintenance_soon
69.17522934865755,2.4228398623885963,443.65,3032.7316406614755,1,26619,synthetic_warning,maintenance_soon
78.40942697825383,2.269269682748945,347.3833333333333,2495.4820910835174,0,20843,,maintenance_soon
73.18982540736218,2.463419603664398,391.31666666666666,2692.5859804288475,0,23479,,maintenance_soon
82.30452856209747,1.876275380798138,503.35,2791.1583987146496,1,30201,synthetic_warning,maintenance_soon
69.63826634303472,2.3562535753462397,454.6,2102.9448108963848,0,27276,,maintenance_soon
75.7409186125415,1.2379401842918925,453.6666666666667,2289.0235099220577,1,27220,synthetic_warning,maintenance_soon
76.04708051628288,2.2208714043420397,542.7,2306.51093303783,0,32562,,maintenance_soon
84.01281498104954,1.5529767570550246,333.68333333333334,3136.207618420861,0,20021,,maintenance_soon
58.34690154932578,1.1568691754096787,311.1333333333333,2907.9561773718633,1,18668,synthetic_warning,maintenance_soon
68.33273380357474,1.3941367668260376,332.23333333333335,3068.866928032535,0,19934,,maintenance_soon
78.78812884310803,1.9024890123831717,369.6333333333333,1990.5518044869157,1,22178,synthetic_warning,maintenance_soon
84.36717183822918,1.5290653563020784,201.63333333333333,2147.2306581372945,0,12098,,maintenance_soon
73.92057210113664,2.06923308926311,373.4,3091.814793712858,1,22404,synthetic_warning,maintenance_soon
69.6583666846281,1.0862931002481921,346.43333333333334,1577.3853576669376,1,20786,synthetic_warning,maintenance_soon
78.05694694939555,0.9428061053728621,452.7,3338.836917343914,0,27162,,maintenance_soon
78.94962140185346,2.517574345364609,418.2,1997.7404568499724,0,25092,,maintenance_soon
69.12270657066155,2.3067100582306455,341.95,3171.0717524469906,1,20517,synthetic_warning,maintenance_soon
74.64245849742036,1.4278164238387865,437.2,2409.0227651069363,0,26232,,maintenance_soon
81.44421809929575,1.898650160438257,447.8666666666667,3261.517634675496,1,26872,synthetic_warning,maintenance_soon
87.12367194619561,2.3587781770905956,328.51666666666665,4211.590802123257,0,19711,,maintenance_soon
77.94083967388234,2.0886402737307725,350.55,1799.8018427467048,0,21033,,maintenance_soon
72.35311117332475,1.9667003932825653,211.96666666666667,3105.965945058685,1,12718,synthetic_warning,maintenance_soon
71.56739859169673,2.3928193365906685,302.75,2004.4084060187545,0,18165,,maintenance_soon
76.45917245754899,1.5711793861594507,330.6,2987.778325775702,0,19836,,maintenance_soon
71.0746172601644,1.9140303018990827,395.93333333333334,2709.0202480371668,0,23756,,maintenance_soon
73.51712399217911,1.8919681127684236,314.3666666666667,2857.1042218832113,0,18862,,maintenance_soon
63.536989883753,1.7772570785480308,348.9166666666667,2398.8580384155757,0,20935,,maintenance_soon
82.37645757192928,1.7245875198606615,291.96666666666664,3143.43808817846,0,17518,,maintenance_soon
62.87852218281057,1.9327907070228207,403.68333333333334,2162.722551293032,0,24221,,maintenance_soon
68.5431059163759,1.9154833731934873,424.05,3346.3203956754455,0,25443,,maintenance_soon
72.78074608681452,1.4282075608594633,422.18333333333334,2619.92986509152,0,25331,,maintenance_soon
87.9278950391091,2.2608081594552014,390.98333333333335,2182.8161019426407,0,23459,,maintenance_soon
68.61853612118138,1.4606266565051838,266.71666666666664,3501.772202269907,0,16003,,maintenance_soon
66.67187348831683,1.8017949499537718,340.4,2770.369232763973,0,20424,,maintenance_soon
67.59346466132965,1.7671237872759766,357.4166666666667,3639.3598269944914,0,21445,,maintenance_soon
85.2711773408905,2.061146625696647,357.73333333333335,3337.3966968978707,0,21464,,maintenance_soon
49.50122405195183,0.9464032269022001,396.0,2448.8158898939687,0,23760,,maintenance_soon
63.978095902811305,2.300909416718256,504.05,2762.6044875878306,0,30243,,maintenance_soon
93.85030967327641,1.595354343574526,454.96666666666664,2853.2566934519728,0,27298,,maintenance_soon
76.72705658793309,2.448983482649674,311.0,3471.5734079940335,0,18660,,maintenance_soon
63.15212040528624,1.6848257839677305,444.26666666666665,2992.5077938815307,0,26656,,maintenance_soon
71.66465614260183,1.8780203864196952,441.21666666666664,2877.5687532824422,0,26473,,maintenance_soon
72.5396365285429,2.7612037180307905,325.51666666666665,2712.052981676745,1,19531,synthetic_warning,maintenance_soon
78.76900196724485,1.775197806042849,457.9166666666667,2777.754904223959,0,27475,,maintenance_soon
86.7160160225805,2.4574824481030566,377.1666666666667,3374.0205176984628,1,22630,synthetic_warning,maintenance_soon
75.10841345023373,1.917570288504052,277.2,2801.630354350889,1,16632,synthetic_warning,maintenance_soon
67.68169357589632,2.0869384736320704,426.4166666666667,2626.2012006288032,0,25585,,maintenance_soon
78.29667553678563,1.9314813652351184,407.35,2551.616847129978,0,24441,,maintenance_soon
66.41397842509711,2.2815332318350556,371.78333333333336,2556.343332312089,0,22307,,maintenance_soon
63.73330003208777,1.5915107742161267,387.0,2183.077761741183,1,23220,synthetic_warning,maintenance_soon
57.92072902434844,1.4571781646413664,332.46666666666664,2469.8348643363493,0,19948,,maintenance_soon
59.47897284399679,1.61264071433034,438.81666666666666,3459.3049212861424,0,26329,,maintenance_soon
64.82843875100582,1.944869669345841,386.51666666666665,2709.0963253503014,0,23191,,maintenance_soon
62.577681858393035,1.8006315465023517,403.31666666666666,3109.9411341646833,0,24199,,maintenance_soon
74.50589221899774,2.2196236944120296,418.56666666666666,1709.347132123633,0,25114,,maintenance_soon
62.40478539340772,2.487129264919684,297.6333333333333,3050.056975944987,1,17858,synthetic_warning,maintenance_soon
46.850669583802045,1.460872748244246,318.45,2729.00481007759,1,19107,synthetic_warning,maintenance_soon
63.64870580328427,1.5697230437737302,213.2,2588.166389928176,1,12792,synthetic_warning,maintenance_soon
68.22512281822864,1.2536922617592157,435.18333333333334,2879.622381265298,0,26111,,maintenance_soon
67.15640409702428,2.8136678458415965,293.01666666666665,2581.8368883227076,1,17581,synthetic_warning,maintenance_soon
84.15619743447347,2.037101274604822,400.6,1865.4950352491232,1,24036,synthetic_warning,maintenance_soon
67.0916595256868,2.11591104402321,419.68333333333334,3205.7890941156525,1,25181,synthetic_warning,maintenance_soon
79.04738770559358,1.296906226736028,438.18333333333334,2906.927726993205,1,26291,synthetic_warning,maintenance_soon
71.8481392025531,1.8994735049469063,293.68333333333334,2661.8653199109453,0,17621,,maintenance_soon
71.66156219461921,2.1291615929858883,384.78333333333336,2374.8784362881274,1,23087,synthetic_warning,maintenance_soon
65.3169576892157,1.7862590392595086,523.6166666666667,2153.2626929128605,0,31417,,maintenance_soon
71.52973878735386,2.3840675311718775,527.15,2898.5127911099453,1,31629,synthetic_warning,maintenance_soon
65.87923098482067,2.9403240065392735,468.98333333333335,3509.914022499158,1,28139,synthetic_warning,maintenance_soon
73.36019451403656,1.4738217278077217,417.0,2889.3932497660567,1,25020,synthetic_warning,maintenance_soon
70.1100029390105,1.4400607393104863,309.5833333333333,2191.5848933191564,0,18575,,maintenance_soon
64.44297653446719,1.5050097705121404,447.48333333333335,2899.0513598968973,1,26849,synthetic_warning,maintenance_soon
79.93515471760476,2.6227896220074207,377.35,2776.52909661144,0,22641,,maintenance_soon
75.4147238401714,2.369059892663358,434.85,3180.1791954726614,1,26091,synthetic_warning,maintenance_soon
68.41549812686202,1.8390124819928582,339.3666666666667,3066.9625980611595,0,20362,,maintenance_soon
73.16394437628249,1.9164518489803934,376.1666666666667,1486.2380849916335,1,22570,synthetic_warning,maintenance_soon
71.3294198279843,1.5325553682114752,403.1333333333333,3039.906569948521,0,24188,,maintenance_soon
65.05927250189382,2.300512220984433,409.7,2358.4690598182033,0,24582,,maintenance_soon
72.5639698321693,1.7290441791511508,429.5,2174.4393537625724,1,25770,synthetic_warning,maintenance_soon
67.031905961541,1.7829655572452503,343.6666666666667,2717.071699435632,1,20620,synthetic_warning,maintenance_soon
64.4405293150392,2.1739553971881653,282.53333333333336,2980.827287973205,0,16952,,maintenance_soon
59.0178613578678,1.8154022778625505,519.9833333333333,2078.076771473797,1,31199,synthetic_warning,maintenance_soon
69.13114117169096,1.794265302925969,589.1333333333333,3110.013623505323,1,35348,synthetic_warning,maintenance_soon
76.53576527666979,1.9047588424880837,425.8,3135.869092913904,0,25548,,maintenance_soon
66.44272517296912,2.257909936206884,284.0833333333333,2820.669526371779,1,17045,synthetic_warning,maintenance_soon
92.16566953726375,2.640921883967725,328.15,2418.2456027000985,0,19689,,maintenance_soon
79.08548522922186,2.1634688045107366,430.73333333333335,2369.0736781567116,0,25844,,maintenance_soon
82.43464106128383,2.26149140063092,497.28333333333336,3251.4101378953,0,29837,,maintenance_soon
78.36194409659007,1.8100656720544939,292.96666666666664,2135.062017941802,1,17578,synthetic_warning,maintenance_soon
86.82291979950858,1.5814909615740773,380.05,3268.3670027604385,0,22803,,maintenance_soon
65.70398413221966,2.1942938045058016,405.6666666666667,2727.312369982608,0,24340,,maintenance_soon
51.51410091473103,1.977058371070257,459.1666666666667,2757.832820157143,1,27550,synthetic_warning,maintenance_soon
68.43099513317694,1.2598171080626126,362.51666666666665,2048.441409618137,0,21751,,maintenance_soon
76.4657486043803,1.7523686694584808,264.9,2735.4446827434217,0,15894,,maintenance_soon
73.21213577398383,1.8626963394333007,439.7,3069.9776270450056,0,26382,,maintenance_soon
74.20378088774227,1.6702939598371844,479.98333333333335,2211.9795613451283,1,28799,synthetic_warning,maintenance_soon
82.56728002135898,2.566781017543957,383.4,3019.399781590812,1,23004,synthetic_warning,maintenance_soon
75.0564605957,2.1159275666059973,422.4166666666667,2839.16539161877,0,25345,,maintenance_soon
78.39130342072818,2.5179287130498915,352.03333333333336,2516.747529913785,0,21122,,maintenance_soon
64.48349806517793,2.0185413677434716,322.3333333333333,3176.056158056174,0,19340,,maintenance_soon
63.236850486271706,1.936624526391285,472.1166666666667,1831.0070216494353,1,28327,synthetic_warning,maintenance_soon
84.9129113841959,1.4785309820753878,421.0,2952.539529447232,0,25260,,maintenance_soon
72.80721228117655,1.905368289938455,429.23333333333335,3512.551469552249,1,25754,synthetic_warning,maintenance_soon
67.01416653243092,1.905874266553948,510.1666666666667,3433.5749812042914,0,30610,,maintenance_soon
67.02884405162305,1.284798752184595,305.6166666666667,2971.51495703695,0,18337,,maintenance_soon
66.80701502689394,1.6572126386033221,345.8333333333333,2667.260458502428,1,20750,synthetic_warning,maintenance_soon
66.32832783163326,1.7545228306676368,402.6333333333333,2520.2468751190427,1,24158,synthetic_warning,maintenance_soon
61.73481757917072,2.0860657948250747,344.85,2666.7126506815175,1,20691,synthetic_warning,maintenance_soon
59.99663678223593,2.107607550393568,452.65,3039.2751890838786,0,27159,,maintenance_soon
70.43996497876465,1.6384066831156576,375.0,2444.812725597857,0,22500,,maintenance_soon
67.2565930374368,2.1109913211438482,310.6,3133.2664799421677,0,18636,,maintenance_soon
80.85727428354636,1.8180644817931673,395.26666666666665,3738.5906279214623,0,23716,,maintenance_soon
74.34461322613534,0.6086709888152695,403.6333333333333,2772.771376543946,0,24218,,maintenance_soon
74.12254144062386,1.6818840856218058,464.76666666666665,2208.4662865553455,0,27886,,maintenance_soon
66.0550367395644,2.38554488806407,421.45,2208.3123116207785,0,25287,,maintenance_soon
71.0317726737602,1.143187409517544,426.9,3141.688842753093,0,25614,,maintenance_soon
74.88800882905153,1.950711040186993,415.6166666666667,2773.711681257405,0,24937,,maintenance_soon
77.72956591770141,2.613367546383379,374.95,3185.805594268183,0,22497,,maintenance_soon
71.24886538785307,1.5577241711452836,332.7,2565.200930369886,0,19962,,maintenance_soon
80.63299023459368,1.9009670861924586,413.1,3165.4743609175257,0,24786,,maintenance_soon
72.06391447126354,1.3131926842474353,363.35,2730.3483636821206,0,21801,,maintenance_soon
78.34277694814143,2.6322540137486072,525.1833333333333,2477.6982156574622,0,31511,,maintenance_soon
68.0811823312868,1.8625003178515236,497.3666666666667,2623.560669326951,1,29842,synthetic_warning,maintenance_soon
57.499293067450864,1.920982079257308,440.6333333333333,2273.296083613776,0,26438,,maintenance_soon
74.14687190414818,2.50943520947753,420.28333333333336,3675.318205775909,1,25217,synthetic_warning,maintenance_soon
77.80259250517301,2.1976652775904664,382.96666666666664,2757.5920020342655,0,22978,,maintenance_soon
76.60277865446055,1.505967070376467,289.1166666666667,3083.586199020166,0,17347,,maintenance_soon
75.37749329149952,1.6087249341607077,372.7,2563.777581536848,0,22362,,maintenance_soon
69.2113042723601,2.122719087035484,398.1166666666667,2337.151758328878,1,23887,synthetic_warning,maintenance_soon
65.54602998843527,1.6191455252216769,408.35,2697.0925751961086,0,24501,,maintenance_soon
76.41382615235024,0.9472405095457628,427.56666666666666,3284.5247146868473,0,25654,,maintenance_soon
75.4115793295862,1.876041640612415,463.7,2570.878011784755,0,27822,,maintenance_soon
67.5128072732494,1.2339043024938356,334.6333333333333,2416.9659319990574,0,20078,,maintenance_soon
80.87539351353645,2.6273267891036767,335.35,2868.404267522423,0,20121,,maintenance_soon
64.9370758836192,1.9795544369934186,506.06666666666666,3019.5699443158073,0,30364,,maintenance_soon
67.33181296967167,1.492671224465391,451.68333333333334,3522.8531942954005,1,27101,synthetic_warning,maintenance_soon
85.09140169873332,1.5856154134018956,358.73333333333335,2955.650210483898,0,21524,,maintenance_soon
78.9486555018713,1.0497710854567357,381.4166666666667,3083.3567785537434,0,22885,,maintenance_soon
69.13592555287183,1.4052421509487734,381.78333333333336,3116.4811042449414,1,22907,synthetic_warning,maintenance_soon
74.2990456771484,2.3573454411433143,392.53333333333336,2292.6732319496427,0,23552,,maintenance_soon
73.2383379561907,2.9043037654715764,427.81666666666666,2376.1338889934004,0,25669,,maintenance_soon
50.035089080180974,2.2268784309395313,592.8,2323.085632573514,0,35568,,maintenance_soon
64.74820840421295,1.8585808576205367,405.18333333333334,2213.8558674956757,0,24311,,maintenance_soon
71.59322706312575,1.7056182809557374,443.0,3150.0023449429777,0,26580,,maintenance_soon
69.14710818752555,1.469576883890637,255.08333333333334,2927.622040332052,1,15305,synthetic_warning,maintenance_soon
73.97682051864336,2.8268946547028833,351.2,2834.978267760238,0,21072,,maintenance_soon
81.03585850358336,1.8150630841610311,488.3,1659.2047332230018,0,29298,,maintenance_soon
69.42771372276859,2.852033423528127,422.18333333333334,3704.4098177921924,0,25331,,maintenance_soon
63.53876163101708,2.5270837793245273,38.86666666666667,2406.5203181724355,0,2332,,maintenance_soon
74.59881326808836,1.1166416058941768,443.9166666666667,3702.7976126131416,0,26635,,maintenance_soon
69.38701333145757,1.6003214219083186,543.45,2162.3337485134207,0,32607,,maintenance_soon
70.75149199342478,1.5989296941217799,230.33333333333334,2442.5434902351235,1,13820,synthetic_warning,maintenance_soon
69.66581024677537,1.864069136152417,511.55,1830.746271695763,0,30693,,maintenance_soon
89.93470240008789,1.872858586098811,168.25,2959.334989414787,0,10095,,maintenance_soon
54.07436591201644,3.248307592929164,465.03333333333336,2315.446998843058,0,27902,,maintenance_soon
68.89332877493884,1.4152474564863584,389.3,2327.879932196724,1,23358,synthetic_warning,maintenance_soon
71.97048779481287,2.003036471048975,202.0,2196.093744443265,0,12120,,maintenance_soon
65.75086006173777,2.177428484110511,425.68333333333334,3142.03622760466,1,25541,synthetic_warning,maintenance_soon
79.19860665702626,1.8992925979888615,482.06666666666666,3113.044006689721,0,28924,,maintenance_soon
78.50606142975711,1.949581260001611,419.1166666666667,3597.2949120746657,0,25147,,maintenance_soon
71.61796305209168,1.4298359975620356,436.78333333333336,2498.2890867278916,1,26207,synthetic_warning,maintenance_soon
69.83460995725045,1.9479187875712067,357.06666666666666,2896.280523260592,0,21424,,maintenance_soon
71.10434532614683,2.1301295482784672,241.08333333333334,2232.6925131431412,0,14465,,maintenance_soon
71.16170677081752,2.047420262922008,445.35,2652.58282999646,1,26721,synthetic_warning,maintenance_soon
71.3730157749939,2.156590406760441,529.9833333333333,2571.708062156282,0,31799,,maintenance_soon
70.4960071878656,2.535673555286304,480.3666666666667,3004.357981297985,0,28822,,maintenance_soon
74.01959451673915,2.321634943861454,230.96666666666667,3247.489594824004,1,13858,synthetic_warning,maintenance_soon
78.02569651862292,1.9320825760738465,268.81666666666666,3236.06934396586,0,16129,,maintenance_soon
62.15791881921139,1.372708741652525,322.31666666666666,2429.162600224251,0,19339,,maintenance_soon
63.59468880613481,1.6299976263799962,262.56666666666666,3239.32587803412,1,15754,synthetic_warning,maintenance_soon
58.01185576413181,1.801165981637163,393.53333333333336,2780.6025396725695,1,23612,synthetic_warning,maintenance_soon
78.93117920286079,2.013555624103651,421.46666666666664,2657.1773658053135,0,25288,,maintenance_soon
74.00258634552371,1.6847502573252722,275.5833333333333,2488.254945799676,0,16535,,maintenance_soon
76.04214012746216,1.4789200603670416,452.1666666666667,2553.628250480917,0,27130,,maintenance_soon
60.564014093092254,1.3653105898958482,438.0833333333333,3566.618092326343,0,26285,,maintenance_soon
86.2795849830411,1.156970008425011,346.15,2935.2607372573702,0,20769,,maintenance_soon
67.12919273483713,1.794272183301444,376.2,2876.8292129005304,0,22572,,maintenance_soon
73.34564645689005,1.2386505510683627,234.01666666666668,2684.6113822437433,0,14041,,maintenance_soon
78.83507728542698,1.4497634421291734,363.4166666666667,3876.2305890327325,0,21805,,maintenance_soon
64.10416195363142,1.7227441572200637,390.5833333333333,3374.204615092427,0,23435,,maintenance_soon
67.62940513189866,1.2988372107738546,403.5,2482.7326694885314,0,24210,,maintenance_soon
73.433374196807,2.0708884848244136,420.31666666666666,2679.609375929965,0,25219,,maintenance_soon
94.85978460371766,2.2331003786225594,409.53333333333336,2705.7324009167996,0,24572,,maintenance_soon
74.4089979428162,1.6527578411010706,368.85,2864.183670444344,1,22131,synthetic_warning,maintenance_soon
84.85088920504575,1.703337711575499,412.9,2491.4605632421685,0,24774,,maintenance_soon
81.64538516153564,2.1418433965625847,470.1666666666667,2993.0792702791464,0,28210,,maintenance_soon
74.94408029195615,1.5787022062443943,382.3666666666667,3438.9187780972984,1,22942,synthetic_warning,maintenance_soon
64.08643382695458,1.5477697397812171,415.4,2222.0036320381682,1,24924,synthetic_warning,maintenance_soon
80.47802888654589,2.4384243151838305,375.1,2303.6154356794905,0,22506,,maintenance_soon
60.01511726681562,2.2978844824207543,338.26666666666665,2587.410235669185,0,20296,,maintenance_soon
84.80700098941674,2.1706975010547636,431.8333333333333,2607.809953552555,0,25910,,maintenance_soon
73.60004246574604,2.316540079627342,345.5833333333333,3679.3249848882097,0,20735,,maintenance_soon
50.79821162161459,1.0102245735846864,420.9,3240.7520568065293,0,25254,,maintenance_soon
69.27595123974528,2.509225996056898,392.26666666666665,3215.501834932036,0,23536,,maintenance_soon
77.23158256738353,2.076427952462684,365.68333333333334,2683.679094854104,1,21941,synthetic_warning,maintenance_soon
70.10380901568186,2.3548516228025806,363.75,2674.0221010138016,0,21825,,maintenance_soon
77.7200464879486,2.0742228006023633,349.35,2161.2496179432246,1,20961,synthetic_warning,maintenance_soon
65.19980665830164,1.9220161711060701,258.3333333333333,3143.96570034104,0,15500,,maintenance_soon
61.55214101769914,1.7761108544370754,420.6333333333333,3016.0640261158655,0,25238,,maintenance_soon
71.42843677561916,2.0652149695987925,408.51666666666665,3365.838840458445,0,24511,,maintenance_soon
72.25252533831932,1.7597134409929516,457.96666666666664,2707.234926123286,0,27478,,maintenance_soon
69.21292519150143,2.2905442450293005,347.48333333333335,2737.6171756718254,0,20849,,maintenance_soon
81.81832917313754,1.1860945099515097,541.6333333333333,2874.82003256668,1,32498,synthetic_warning,maintenance_soon
65.19834099888755,1.656290862192575,359.6166666666667,3192.4349332231222,1,21577,synthetic_warning,maintenance_soon
74.5053248586588,2.8201704618144907,319.98333333333335,2153.1051262771093,1,19199,synthetic_warning,maintenance_soon
72.543759769309,1.6182637913924234,310.5,3123.864698844885,1,18630,synthetic_warning,maintenance_soon
59.54627238291133,1.7925923246214348,251.28333333333333,2790.9819526439546,0,15077,,maintenance_soon
61.4477585306519,1.5028385799924655,512.6166666666667,2334.1996021003733,0,30757,,maintenance_soon
72.09528812998906,2.0511305527986208,499.68333333333334,1882.7734688322107,0,29981,,maintenance_soon
87.84959998949572,1.5686807994360121,438.06666666666666,2739.9515667735245,0,26284,,maintenance_soon
76.63415849519049,1.8164750793368274,318.31666666666666,3436.9937126405907,1,19099,synthetic_warning,maintenance_soon
58.194921398842936,2.2819899412157816,534.9,3536.861253366214,1,32094,synthetic_warning,maintenance_soon
47.1160954790453,1.5855564615333329,361.8666666666667,2956.3655326948424,0,21712,,maintenance_soon
77.86442874403504,2.2548750036693495,368.48333333333335,3663.2824920905887,0,22109,,maintenance_soon
71.2302921365744,2.2700031920021604,504.98333333333335,2781.105923499032,0,30299,,maintenance_soon
81.13012775608296,2.374730242623682,442.71666666666664,3219.453562722824,1,26563,synthetic_warning,maintenance_soon
64.95425663430846,1.963243447713118,566.0833333333334,2601.458408881172,0,33965,,maintenance_soon
74.80169998286821,3.3585665846395534,409.9,2573.5765107149746,0,24594,,maintenance_soon
78.76938770422291,2.3745401634439367,358.23333333333335,2501.89598857252,0,21494,,maintenance_soon
68.42029089434814,2.046194930983072,341.05,1893.3672632653024,1,20463,synthetic_warning,maintenance_soon
68.59131543815148,1.5058340136632191,242.23333333333332,3366.320594376641,1,14534,synthetic_warning,maintenance_soon
72.20210264878712,1.8563233933566365,367.71666666666664,2517.681726779273,0,22063,,maintenance_soon
76.34141077248263,2.5418471396050153,481.56666666666666,2447.3669369077134,0,28894,,maintenance_soon
71.88532796390471,2.6692905770318207,437.9,2280.812460090423,0,26274,,maintenance_soon
79.79197070207589,2.565248095198103,391.6166666666667,2710.0818479240356,0,23497,,maintenance_soon
68.30451848586377,2.2533365380283286,310.4,3575.936616646287,0,18624,,maintenance_soon
61.37283835629512,1.3349529071669926,408.15,3721.2626943619957,0,24489,,maintenance_soon
87.81580294490544,2.1192228180215515,471.03333333333336,2069.218574647083,0,28262,,maintenance_soon
67.16293010766043,1.3413689298761509,424.45,2644.042881770436,0,25467,,maintenance_soon
67.45246333025803,1.2306379629786586,403.3333333333333,2344.8825811587726,0,24200,,maintenance_soon
71.47357343142252,2.0076214080597574,326.25,3234.8686061330686,0,19575,,maintenance_soon
72.53744887723185,2.1354397512713876,459.3666666666667,2926.1011608093277,0,27562,,maintenance_soon
68.90653086009374,2.306519694316362,139.45,2519.9094959528725,0,8367,,maintenance_soon
71.86052882440792,2.123711308173742,420.6333333333333,2831.9321554600483,0,25238,,maintenance_soon
71.68190214857461,2.1392136935842365,595.6333333333333,2589.935806580608,0,35738,,maintenance_soon
73.39855461616645,1.4569063367534305,269.3333333333333,3510.2682815249545,0,16160,,maintenance_soon
53.14010032810147,1.8527604918919,370.68333333333334,3040.662186607057,0,22241,,maintenance_soon
87.0470104560628,1.2217974464644805,389.3666666666667,3094.7223052032327,0,23362,,maintenance_soon
70.82169349172354,0.9984838917699118,353.0,1626.556309665525,0,21180,,maintenance_soon
76.64498095557589,2.233289219429383,472.9166666666667,2770.6129813153234,0,28375,,maintenance_soon
60.97518926772781,1.5610940227940684,427.8,3716.612821985975,0,25668,,maintenance_soon
68.231997910006,2.292624325964374,402.18333333333334,3383.496790816141,0,24131,,maintenance_soon
66.62147306943669,2.3987564100460173,453.78333333333336,1987.2805821950665,0,27227,,maintenance_soon
83.75779011606836,1.621307203919561,391.3333333333333,2662.0926336192188,1,23480,synthetic_warning,maintenance_soon
67.31349114531294,2.1656399925498846,644.3833333333333,2271.3314349957627,0,38663,,maintenance_soon
78.06463989552073,1.602479472123861,402.1,3552.884686559663,0,24126,,maintenance_soon
66.79663637861444,1.069354506417929,405.6166666666667,2907.4824442013996,0,24337,,maintenance_soon
68.37904848276845,1.9554892319991062,253.16666666666666,2462.169953718168,0,15190,,maintenance_soon
70.0355986783945,1.6881067541279076,346.51666666666665,2815.029495157947,0,20791,,maintenance_soon
82.2707610146344,1.7019599452357905,481.78333333333336,1652.7591672098672,0,28907,,maintenance_soon
56.88117872775905,2.7889044030304864,283.1666666666667,2322.6170264791062,0,16990,,maintenance_soon
61.47469155780454,1.2133643577702977,217.4,2816.0352393635762,0,13044,,maintenance_soon
56.42155867448147,2.072292010917162,392.5833333333333,3172.0971621194617,0,23555,,maintenance_soon
63.2999830419084,1.4523367432848617,499.6666666666667,1945.8217869371701,0,29980,,maintenance_soon
65.50719959046315,2.308717634170296,393.3833333333333,2632.291664610931,0,23603,,maintenance_soon
59.084149967276886,2.0342940562787795,363.1166666666667,3244.2617249482814,0,21787,,maintenance_soon
66.12681802708265,2.070704957131276,241.31666666666666,2161.36053727576,0,14479,,maintenance_soon
55.88228415253268,1.4747996720789829,426.18333333333334,2900.8404473050364,1,25571,synthetic_warning,maintenance_soon
63.85609020985855,1.5554854390202544,442.9,2829.0287813666414,0,26574,,maintenance_soon
81.6033631992816,2.3172627283056486,247.46666666666667,3554.327340956905,1,14848,synthetic_warning,maintenance_soon
75.22870456224882,2.6968589747774034,480.76666666666665,2698.7400750308793,0,28846,,maintenance_soon
73.49974137738022,2.1161385177508842,451.25,2724.495736714969,0,27075,,maintenance_soon
63.977771549767084,1.4961606756528552,480.5833333333333,3176.182291392463,0,28835,,maintenance_soon
59.711320327642206,2.0525223351079305,436.68333333333334,2216.406586058288,0,26201,,maintenance_soon
62.88675139572575,2.992362419951924,442.3,2702.811389117622,0,26538,,maintenance_soon
71.65432138483187,1.94609026482351,431.65,2599.4809952301753,0,25899,,maintenance_soon
78.94541423781335,2.5578283867271194,459.48333333333335,2738.8788024097557,0,27569,,maintenance_soon
79.21893933708256,1.5668517853725796,244.5,3173.298837543649,0,14670,,maintenance_soon
77.04489889986667,1.881061276763626,269.9166666666667,3043.8310534361563,0,16195,,maintenance_soon
66.09954508745645,2.1788043427564943,331.1166666666667,2470.5797842473826,0,19867,,maintenance_soon
72.1963986592319,2.0787977387182885,379.6166666666667,2860.1476494639733,1,22777,synthetic_warning,maintenance_soon
69.42925975970203,1.5551250939499774,421.05,3455.7943102042304,0,25263,,maintenance_soon
70.390481892042,1.53571714429123,415.96666666666664,2434.1990925291857,0,24958,,maintenance_soon
88.2970231756785,2.344727981396196,479.3666666666667,2863.8733833746855,1,28762,synthetic_warning,maintenance_soon
57.9039981039711,2.436197865692565,481.8833333333333,2715.0093021470034,0,28913,,maintenance_soon
70.1225854726219,2.5804646011548638,320.21666666666664,2772.277793031818,1,19213,synthetic_warning,maintenance_soon
81.69399125756925,2.7117687174637903,409.0833333333333,2082.5106462102635,0,24545,,maintenance_soon
60.27286803973169,1.9605787463451683,322.1666666666667,3420.7356558973697,1,19330,synthetic_warning,maintenance_soon
66.85002059787,1.7599603400957828,374.93333333333334,2459.285163609199,1,22496,synthetic_warning,maintenance_soon
67.76769201945888,2.507945922450311,415.75,3251.4716668675546,0,24945,,maintenance_soon
70.21368222356813,2.220881176833214,117.3,2526.594292459095,0,7038,,maintenance_soon
59.23234272315026,1.4578951335995838,582.9,2524.7779531658653,0,34974,,maintenance_soon
76.76228848270432,1.4348639505164897,435.31666666666666,3333.7742302048055,0,26119,,maintenance_soon
77.33029826010515,2.1213685906103388,342.35,3237.3092255302868,1,20541,synthetic_warning,maintenance_soon
76.06700260014358,1.8202264023322001,544.1833333333333,2891.8129955441523,0,32651,,maintenance_soon
65.03701060567136,1.888106520366686,362.2,3134.906241914781,0,21732,,maintenance_soon
72.69208632629837,2.3826400141195876,400.6,2673.036776687184,1,24036,synthetic_warning,maintenance_soon
64.8044780834473,2.241566715243266,351.03333333333336,2796.3182438036883,0,21062,,maintenance_soon
69.3392267138279,2.498442961788294,522.1666666666666,2508.8852673159195,0,31330,,maintenance_soon
89.22774341736702,1.030808752131985,381.6,3197.7885776921144,0,22896,,maintenance_soon
72.76556302077005,2.01402906274954,401.96666666666664,2494.898134286365,0,24118,,maintenance_soon
62.49978739210261,2.212609835078743,486.3,3453.468791772655,0,29178,,maintenance_soon
73.44268272531131,1.213036364490542,436.81666666666666,2661.0329659392773,1,26209,synthetic_warning,maintenance_soon
61.18563259149352,1.6052969614105124,385.65,2809.023768167187,0,23139,,maintenance_soon
62.407916859879904,1.5217816769519863,478.8333333333333,3133.840329087907,0,28730,,maintenance_soon
63.671014912409674,1.9097641769769622,593.0833333333334,2810.5003453234162,1,35585,synthetic_warning,maintenance_soon
68.44552438243453,2.6325342859123286,415.4,2668.9203417144636,1,24924,synthetic_warning,maintenance_soon
79.4957519647136,2.810165232099205,399.3333333333333,2786.7896829642727,0,23960,,maintenance_soon
76.62718558413471,1.533570601117023,403.65,3193.280075565337,0,24219,,maintenance_soon
76.18396262597862,2.1369507627221083,494.8333333333333,2508.3450222598494,0,29690,,maintenance_soon
63.20860347527566,2.1514590334640418,342.06666666666666,2744.4557167997636,0,20524,,maintenance_soon
67.66948515651481,2.0744315971816363,367.73333333333335,2804.5261600284894,0,22064,,maintenance_soon
74.1760088550655,2.0795408356326552,267.0,3180.4174860321687,0,16020,,maintenance_soon
66.9734401168927,2.0366841261030975,295.28333333333336,2756.068035496568,0,17717,,maintenance_soon
69.77306847759121,2.6594065543628886,348.5833333333333,3595.6516015772377,0,20915,,maintenance_soon
75.53086954023959,2.396109931465626,385.53333333333336,2731.1230258053583,1,23132,synthetic_warning,maintenance_soon
69.20981855038958,1.4229307460807796,531.5333333333333,2695.419199101677,1,31892,synthetic_warning,maintenance_soon
73.8084767128162,2.258074486396247,432.8833333333333,2724.745866488198,0,25973,,maintenance_soon
84.74182764815654,2.3015680185301535,317.03333333333336,2220.6777713904758,1,19022,synthetic_warning,maintenance_soon
70.62512960810402,2.041735279218305,331.76666666666665,2343.8401874261785,0,19906,,maintenance_soon
81.43470247775365,2.4091409667262282,499.98333333333335,2566.506568514799,0,29999,,maintenance_soon
76.47496053845886,1.9846333154345666,480.1333333333333,3299.765133494057,0,28808,,maintenance_soon
60.26206405210587,1.9902104744843128,392.25,2785.4245338807154,0,23535,,maintenance_soon
63.18290376589181,1.9545582451046695,354.6,2586.7565565690893,0,21276,,maintenance_soon
65.33123293544082,0.9917901613901489,480.0,3339.675288066902,1,28800,synthetic_warning,maintenance_soon
65.16132066453773,1.8638207227423567,310.53333333333336,3482.517938472595,0,18632,,maintenance_soon
71.27768203114549,1.599287241495443,421.3666666666667,3352.3682827994144,1,25282,synthetic_warning,maintenance_soon
76.91715238465457,1.366098409813349,571.8166666666667,2424.640401216531,0,34309,,maintenance_soon
82.04126733363778,2.545308228132785,406.43333333333334,2582.0906071147915,1,24386,synthetic_warning,maintenance_soon
74.46540070980066,2.126893383340506,327.95,3598.043870938476,1,19677,synthetic_warning,maintenance_soon
68.43456355157433,1.8865760135749534,422.8333333333333,2906.10146448001,1,25370,synthetic_warning,maintenance_soon
55.342070050961006,1.6458384920039082,352.4,2682.2440914457256,0,21144,,maintenance_soon
72.56471660333871,2.033276313082933,278.46666666666664,3116.0731029855683,1,16708,synthetic_warning,maintenance_soon
72.20616154955994,2.346146241992881,446.0833333333333,3243.2115896375694,0,26765,,maintenance_soon
73.46343002831166,1.5278653704038765,479.43333333333334,2548.5621887915636,0,28766,,maintenance_soon
88.84992238162667,1.8978272324755254,365.1333333333333,2896.55358179277,0,21908,,maintenance_soon
81.92477236954457,2.2906299244830275,359.81666666666666,3207.6864304555056,0,21589,,maintenance_soon
78.28048734599989,1.0287994919121415,313.06666666666666,2289.4736557776646,1,18784,synthetic_warning,maintenance_soon
64.3033829594272,1.874093606917568,378.0,2805.4320012675016,0,22680,,maintenance_soon
67.89604200642606,1.7068188832536075,345.01666666666665,2309.6685526576853,0,20701,,maintenance_soon
71.24124314457198,1.8397765640102346,309.1166666666667,2367.224581352203,0,18547,,maintenance_soon
65.79674300791717,1.6742671496326436,541.3666666666667,2552.235965908666,0,32482,,maintenance_soon
76.00371619988094,1.961931072343283,427.31666666666666,3009.932596666967,0,25639,,maintenance_soon
74.85527079372564,2.765632249190223,435.78333333333336,2658.310043399221,0,26147,,maintenance_soon
63.29353765556246,1.754234886732152,460.6666666666667,2514.6960250139014,1,27640,synthetic_warning,maintenance_soon
81.574533672769,2.031269954092348,451.68333333333334,2822.684007862982,0,27101,,maintenance_soon
72.81848267047089,2.7976358882841006,356.95,2295.336399562771,1,21417,synthetic_warning,maintenance_soon
58.16743082606199,1.65249298973235,411.8,2988.6734158469203,0,24708,,maintenance_soon
71.58925713324024,2.716603907018036,368.48333333333335,3297.8101752616562,0,22109,,maintenance_soon
74.24965164738325,1.9023953529821982,425.0833333333333,2765.150221965275,1,25505,synthetic_warning,maintenance_soon
79.78233889148592,2.7018533016392166,417.3333333333333,2710.8344429479084,1,25040,synthetic_warning,maintenance_soon
69.30018877498706,2.2375905062258434,359.3833333333333,2964.3137554148507,0,21563,,maintenance_soon
78.62350613957766,2.0381987631620895,283.65,1907.4734557141203,0,17019,,maintenance_soon
73.49713589416173,1.870466193151036,401.7,3036.1996809030616,0,24102,,maintenance_soon
61.479563127699365,1.6191813520543552,373.6666666666667,4164.82975364774,0,22420,,maintenance_soon
60.67866581213989,1.9341061974839586,238.76666666666668,2746.022462709523,0,14326,,maintenance_soon
80.98047896119479,2.303812656559011,430.6166666666667,2747.5849851648145,0,25837,,maintenance_soon
81.56787342705415,1.894099856051498,467.23333333333335,3127.1870800438605,1,28034,synthetic_warning,maintenance_soon
74.58327384323778,1.7575197377221639,592.2666666666667,3523.9463740071033,0,35536,,maintenance_soon
83.96565376944022,1.787147859620002,358.7,3228.9858515510196,0,21522,,maintenance_soon
80.45287879233285,2.3466144761123737,346.9,1851.5329734232378,0,20814,,maintenance_soon
77.46902983583777,2.451322654794935,301.25,3047.8954885716084,0,18075,,maintenance_soon
64.70950809013063,1.5997822688042331,406.68333333333334,3931.649263906337,1,24401,synthetic_warning,maintenance_soon
85.85143000825875,1.5991354641486295,406.18333333333334,3073.8740605741646,1,24371,synthetic_warning,maintenance_soon
76.29041145766618,2.0707115138502004,325.1,2291.97515816043,1,19506,synthetic_warning,maintenance_soon
67.1431457481325,4.2395332402895605,560.5333333333333,3098.321972970012,1,33632,synthetic_warning,critical
97.9913870429441,3.533295052683253,597.0166666666667,3519.225582086687,1,35821,synthetic_warning,critical
86.07771287905084,3.119374884176956,357.56666666666666,4285.032662936508,1,21454,synthetic_warning,critical
104.48170288519661,3.664338488760315,537.2833333333333,3870.9096394782646,0,32237,,critical
72.45731062981181,3.2553477363270296,523.6333333333333,4839.681288732254,1,31418,synthetic_warning,critical
96.2633160268705,3.057332811257676,683.3666666666667,3168.907920721134,1,41002,synthetic_warning,critical
87.09542046867222,3.453579441129748,338.6666666666667,3035.3269914147727,1,20320,synthetic_warning,critical
85.02054521675127,2.8691316897909167,514.2166666666667,4186.545226634291,0,30853,,critical
75.6714088130907,3.3891981980025747,502.18333333333334,2928.1431132988014,0,30131,,critical
93.36173116040544,3.353165694216227,675.2166666666667,3447.6806458148812,1,40513,synthetic_warning,critical
94.08523646299172,3.6522020159434434,554.7666666666667,3515.8637966730203,0,33286,,critical
104.06615021769301,2.7356472818932938,775.5333333333333,4088.7145261606793,1,46532,synthetic_warning,critical
97.07245236574533,3.7326022646574057,639.4666666666667,3869.4193433731284,0,38368,,critical
82.65494203939838,2.5202663802871212,510.76666666666665,3787.6737553719686,0,30646,,critical
78.96523674744236,2.770575011284071,588.7666666666667,3340.735943491133,1,35326,synthetic_warning,critical
75.68357709829853,2.803306205640692,517.5166666666667,4181.80208992261,0,31051,,critical
101.25901911075523,2.3959611707197412,663.1333333333333,5000.0,0,39788,,critical
80.99643144149921,3.9617467125392474,400.1333333333333,3909.4666914399163,0,24008,,critical
101.32206882074176,2.4732106428576524,461.15,3601.8295479243548,1,27669,synthetic_warning,critical
92.7256483677586,2.675812746944996,614.6833333333333,2875.1112550840767,0,36881,,critical
90.96912593434564,4.141555782864982,707.0833333333334,3218.5096463550803,1,42425,synthetic_warning,critical
85.23818518695731,2.772062973609762,295.76666666666665,3438.8706783474017,0,17746,,critical
93.94605621702026,3.058892986146428,724.9333333333333,3272.007875061091,0,43496,,critical
87.86076313446878,2.4409782493125984,543.1833333333333,3541.639526046039,1,32591,synthetic_warning,critical
84.67708037678071,3.824713405717014,333.93333333333334,4474.56835993979,1,20036,synthetic_warning,critical
94.2640430798338,3.835052183143299,199.8,4198.526797032002,1,11988,synthetic_warning,critical
86.70425101700982,3.7542094280925853,376.46666666666664,3467.4069874365077,1,22588,synthetic_warning,critical
80.81498699135057,3.603147371145458,557.6333333333333,2921.6944287737524,1,33458,synthetic_warning,critical
93.39844097914586,3.2551918332646075,552.1,4245.431174309255,1,33126,synthetic_warning,critical
87.4241290993429,2.8067174997965116,635.9833333333333,3524.4917778000904,0,38159,,critical
92.40019010582024,2.5887730200004846,494.06666666666666,2652.2197786867755,1,29644,synthetic_warning,critical
83.91526127481232,4.167429145071253,427.03333333333336,3920.463661616379,1,25622,synthetic_warning,critical
77.11790825787139,3.7736032037949427,510.43333333333334,4083.357075801402,0,30626,,critical
103.61566566262849,2.680021829599682,564.0333333333333,2288.527629433972,1,33842,synthetic_warning,critical
101.91950269687217,3.229873826167351,587.7,3121.2315860908902,1,35262,synthetic_warning,critical
95.95406465135765,2.97491368026124,465.3,3492.5639141199886,0,27918,,critical
84.50970383163154,2.3538419707206875,668.1666666666666,3931.945673880481,0,40090,,critical
85.29713824155034,3.333238532465977,485.43333333333334,3281.811775995431,0,29126,,critical
100.44094701306818,2.8883805018206035,455.6333333333333,3117.286210973553,1,27338,synthetic_warning,critical
84.81552966189328,2.485597500278236,494.9166666666667,3928.128009833747,1,29695,synthetic_warning,critical
82.30699567287432,2.0906505843936785,688.9833333333333,3306.4723658766375,0,41339,,critical
104.85011208072808,2.0271473748457467,544.0666666666667,3831.8684182853226,0,32644,,critical
87.57090086547515,2.9214304042290204,476.6666666666667,2972.0118594132127,0,28600,,critical
103.91582795662461,3.1361787721813132,671.1333333333333,2846.786829997073,0,40268,,critical
75.41447280378998,2.543524392378263,817.1333333333333,3942.7399619366065,1,49028,synthetic_warning,critical
92.66366394506052,3.688054570742921,585.1666666666666,3681.3103533649514,1,35110,synthetic_warning,critical
106.63974339294954,3.1508400936627785,708.0666666666667,4029.676981282828,0,42484,,critical
88.26775670192976,3.632663982948988,684.3333333333334,3273.05163952085,0,41060,,critical
85.62395956958983,3.0628169073592195,487.31666666666666,3136.5452427105324,1,29239,synthetic_warning,critical
77.49023274161422,2.609661773594671,563.2,4257.573821521273,0,33792,,critical
97.74108748991722,3.2855881783539607,406.1,2758.0614427228757,1,24366,synthetic_warning,critical
81.06884725623381,2.252994115986258,535.4,4200.759568773925,0,32124,,critical
87.1467229654901,3.604578890477486,484.85,4236.66244789084,1,29091,synthetic_warning,critical
76.8894794818665,2.49713809511515,511.65,3997.246547418359,0,30699,,critical
102.0120514008769,3.888674394900087,470.01666666666665,3192.340091154567,1,28201,synthetic_warning,critical
98.39396779653114,2.946158190318564,525.55,3125.407604902813,0,31533,,critical
87.71573725708183,3.996900137232438,623.8666666666667,3440.7709980409363,0,37432,,critical
77.61265957971764,2.358032608558764,545.6666666666666,2876.5793680476722,1,32740,synthetic_warning,critical
101.82316344318369,2.691672724453385,336.28333333333336,3049.9191206481296,0,20177,,critical
84.70661445657568,3.485701210136428,470.46666666666664,3885.261831584704,0,28228,,critical
78.05315643264234,4.077872820070066,377.6666666666667,3887.6615393965617,0,22660,,critical
72.1409378877471,4.449956681236192,589.2833333333333,3004.221090201823,1,35357,synthetic_warning,critical
82.18631381295603,3.2310246227606547,620.4,3901.5834063560387,0,37224,,critical
74.90825689723054,4.578309223090067,590.7833333333333,3786.2377189846993,0,35447,,critical
82.39461247129458,2.9827515876309274,465.51666666666665,4335.140852380094,0,27931,,critical
94.69967860327944,4.02407571677223,589.6166666666667,3845.950949771111,1,35377,synthetic_warning,critical
84.6213985242229,2.4933642522805215,503.5833333333333,4100.4621479418765,0,30215,,critical
91.2012404390234,3.515150380147441,423.4166666666667,3798.0803472837097,1,25405,synthetic_warning,critical
81.48998806420991,1.443730219357666,649.0333333333333,4059.5631370425376,1,38942,synthetic_warning,critical
88.58652159727808,2.358806741260157,658.1666666666666,2880.699078584757,1,39490,synthetic_warning,critical
105.28810739877419,3.550007598560574,673.8666666666667,3486.692882302325,1,40432,synthetic_warning,critical
84.86362529775793,2.215670860849608,487.0,3529.7289605216847,1,29220,synthetic_warning,critical
91.45986493857693,3.5202122080918885,701.5166666666667,3423.250027593653,1,42091,synthetic_warning,critical
73.91025495278406,3.8798435906092728,500.76666666666665,3780.821047764697,0,30046,,critical
101.68095510175183,2.8240098554612914,638.4166666666666,3879.8774203377907,1,38305,synthetic_warning,critical
83.70514033949621,2.4732852832443517,498.68333333333334,3753.973680076997,1,29921,synthetic_warning,critical
97.45480284915851,2.844360038108946,533.1166666666667,3457.9891817649045,0,31987,,critical
86.89137733816985,2.475640760611861,269.46666666666664,3167.420358480535,0,16168,,critical
93.50421428518726,3.124089831488062,523.7666666666667,4120.536758561242,0,31426,,critical
94.03911184489901,3.2765679686660616,570.9333333333333,3731.8610646391944,0,34256,,critical
83.92803694438555,2.9704924076773938,510.8,3020.320793632308,0,30648,,critical
97.82715792185667,4.4557694301401165,770.75,3449.2824783421956,0,46245,,critical
81.1691362240621,2.6604471352347687,420.5,2643.484167592172,0,25230,,critical
95.00140798024789,4.243574884441484,492.3666666666667,3568.3927194606704,0,29542,,critical
84.48815235250122,2.419070572765915,451.4166666666667,3446.8424298487303,1,27085,synthetic_warning,critical
91.14602153768854,3.254583177456162,492.35,3251.2771858152246,0,29541,,critical
83.84206297881165,4.087329056411052,683.7666666666667,4373.992098697835,0,41026,,critical
88.44978377235935,4.048517864189988,737.3666666666667,2948.7998578381016,0,44242,,critical
78.3277566847741,2.8848065767248237,475.9,3917.324334874814,0,28554,,critical
90.22801286219915,3.616302290053509,473.23333333333335,4687.088243684574,1,28394,synthetic_warning,critical
88.39769051463628,3.51588431274817,421.15,4110.179309932678,1,25269,synthetic_warning,critical
83.13861801334775,2.7950456160554453,716.75,3533.599833309161,0,43005,,critical
87.50474830248733,3.6619624528610557,694.5166666666667,2960.2843074998696,0,41671,,critical
89.2060402855112,4.59686912903928,547.2833333333333,2841.727668176083,0,32837,,critical
82.45278652061398,3.5537754987969734,392.46666666666664,3335.9931186220883,0,23548,,critical
86.84117281843298,3.624767284303003,403.2,3192.759618364768,0,24192,,critical
78.95003253194571,3.704116233650531,580.4833333333333,3175.8356073417713,0,34829,,critical
109.11159735064906,2.104267544483645,625.9166666666666,3380.317003154953,1,37555,synthetic_warning,critical
97.53206794187366,3.5451685049047166,312.06666666666666,3496.8315116994427,0,18724,,critical
90.45784695068396,2.4374303188711046,521.45,3802.310212775554,1,31287,synthetic_warning,critical
98.54901634729026,2.7575847944766503,754.2,2906.345965879537,0,45252,,critical
70.186727709846,4.821456335891377,533.9,3195.233226010814,1,32034,synthetic_warning,critical
64.98088235949395,3.0100537927558926,738.75,3466.9705169323097,0,44325,,critical
84.40638044425084,2.6448694217793296,637.8833333333333,3448.3476994199,1,38273,synthetic_warning,critical
75.59292270758102,4.064436934176044,429.8833333333333,4504.94032785498,1,25793,synthetic_warning,critical
85.87055027996503,2.4892422478682175,524.8833333333333,3670.768228216406,0,31493,,critical
89.85090976535409,2.8644356418577424,544.55,2710.933297781099,0,32673,,critical
96.2837304850655,4.136789125989625,445.7,3767.454308025118,1,26742,synthetic_warning,critical
77.75562414152307,3.2320756739809697,443.6166666666667,3833.745135826869,0,26617,,critical
91.59667617544065,2.0288022161551034,740.8166666666667,3484.9334253127363,1,44449,synthetic_warning,critical
88.1295072383701,3.6079922107419646,442.71666666666664,2919.0337293072153,1,26563,synthetic_warning,critical
91.12758378939776,2.902650588465119,689.4166666666666,4464.188441563001,1,41365,synthetic_warning,critical
83.3220524432176,4.354888614897684,507.6166666666667,2993.660364937746,0,30457,,critical
100.44821625875908,2.7453597892744,556.9166666666666,3893.6015473362854,0,33415,,critical
87.06842216413247,3.9884194802944446,627.4166666666666,3654.0262751132464,0,37645,,critical
103.96764001153392,4.531773524274286,488.1666666666667,3862.4214854954803,0,29290,,critical
80.88650211685999,2.5617925821413223,628.15,4437.566120567011,0,37689,,critical
94.68544605959998,3.0550902344313555,314.43333333333334,3842.0522135133383,0,18866,,critical
87.46298367495524,3.491468955608338,612.7666666666667,3259.494601937363,0,36766,,critical
85.05031824999912,2.5569906855843696,263.78333333333336,4125.11598306654,1,15827,synthetic_warning,critical
93.69083806420792,3.4027212100308732,532.7833333333333,3221.828285977058,1,31967,synthetic_warning,critical
85.3074386872937,3.031309784370506,662.5166666666667,3635.050165925539,1,39751,synthetic_warning,critical
64.04231196558405,3.0161993213049763,634.6833333333333,2877.596523831789,0,38081,,critical
60.43418689143123,3.236703794531084,404.18333333333334,3012.693761784889,1,24251,synthetic_warning,critical
99.45179944255645,3.253448536683923,419.6333333333333,3576.7210686268168,1,25178,synthetic_warning,critical
99.07232612091727,3.3229105768070304,477.3666666666667,3741.4050884620533,0,28642,,critical
104.98606851630352,2.750880240907412,582.35,2664.756876200664,0,34941,,critical
87.8422457654604,2.7836212067376853,316.1666666666667,3808.5894313603453,1,18970,synthetic_warning,critical
76.36628678201897,3.1110593083813773,558.4166666666666,3123.8969321688855,1,33505,synthetic_warning,critical
84.22374541614099,3.166431769073154,597.3666666666667,4215.437768149007,1,35842,synthetic_warning,critical
88.10282063825181,2.8708629950400377,526.0333333333333,3366.9784970112555,1,31562,synthetic_warning,critical
78.93665598143401,3.4429547315645137,623.0333333333333,2965.7164198340074,0,37382,,critical
102.8371725067648,1.8389286884936027,586.85,3589.418370138811,0,35211,,critical
108.15552591679364,2.6521503058182865,495.0,3073.557799439063,1,29700,synthetic_warning,critical
92.3045263065716,2.9900541303478594,327.65,4209.851473545225,1,19659,synthetic_warning,critical
87.90222627971623,2.5579136097270467,576.0166666666667,3550.275707917212,1,34561,synthetic_warning,critical
76.3452971937301,4.421898511106669,445.6333333333333,3471.1281559914905,1,26738,synthetic_warning,critical
101.91790506540445,3.2141463850437137,490.6,3857.736529844124,1,29436,synthetic_warning,critical
88.68676129764143,3.3325772586694278,617.5,3027.427331615848,0,37050,,critical
85.3975204143045,2.8375769690259047,730.0833333333334,2879.640099229173,1,43805,synthetic_warning,critical
92.33056679807083,3.1881658097202794,555.4333333333333,3762.3428213096513,0,33326,,critical
82.72859623909733,2.28855990177295,626.4833333333333,2978.1712318354193,1,37589,synthetic_warning,critical
89.32187655809636,3.072637222928695,386.6666666666667,2977.9947200502825,0,23200,,critical
75.01779834238906,2.4972436785531835,589.4666666666667,3985.1131362348615,1,35368,synthetic_warning,critical
97.7837847032719,2.9919473114328783,552.8166666666667,3823.0333371916486,1,33169,synthetic_warning,critical
87.06030062977894,1.2800625752731274,707.5,2898.0086379244863,0,42450,,critical
98.42920774570611,2.353997593667356,495.15,3228.049257670505,0,29709,,critical
86.18977439942543,4.29794480338575,531.0,3080.0595909079134,1,31860,synthetic_warning,critical
86.7742026209442,3.822798311830657,687.05,4473.686034981101,1,41223,synthetic_warning,critical
77.08914314537239,4.189279501936424,548.95,4021.1254223367164,0,32937,,critical
94.83781275716329,4.240790952253193,426.93333333333334,3331.1606800772574,0,25616,,critical
80.11744041379218,3.7047405681233583,866.2,3849.621238458616,0,51972,,critical
83.62219864120695,2.860348485965649,430.56666666666666,2844.783183315969,1,25834,synthetic_warning,critical
88.00942467474283,2.4220617903007833,552.2333333333333,3200.2240013814635,1,33134,synthetic_warning,critical
89.0910176532042,4.060058454087272,601.6,3604.528898289781,1,36096,synthetic_warning,critical
72.64512753804017,3.248425980790543,592.1166666666667,3785.1599895558747,1,35527,synthetic_warning,critical
85.92274721060785,5.07051711228643,537.2333333333333,3499.321254733009,0,32234,,critical
95.15707196779341,2.9261765179919346,537.8333333333334,3678.9670255713977,0,32270,,critical
84.59495768928488,4.67967189108536,531.8,3590.7349591756256,1,31908,synthetic_warning,critical
85.9774142120801,3.0824061569781835,426.0833333333333,3464.939750948395,0,25565,,critical
89.46165445758454,4.2020364479440255,818.0333333333333,3396.004292060735,0,49082,,critical
86.86635610707701,4.472518802924341,533.6,3328.3422662075523,0,32016,,critical
78.72536047851156,2.4327875538644657,631.6333333333333,3670.6075044868658,1,37898,synthetic_warning,critical
87.67288488699786,2.8362514412818487,519.8333333333334,3763.6241063837174,1,31190,synthetic_warning,critical
96.94665853005307,2.4252655807261023,517.4333333333333,3653.1467670057937,1,31046,synthetic_warning,critical
78.53941647459618,2.2775416338063326,505.35,2937.129533999449,1,30321,synthetic_warning,critical
84.62966299462764,3.700300137893713,374.01666666666665,3030.5575174055425,1,22441,synthetic_warning,critical
75.5653180845843,3.052528722313234,540.7333333333333,3757.418539092995,1,32444,synthetic_warning,critical
96.4724375544131,3.2392747423926025,511.1666666666667,4315.270116348856,1,30670,synthetic_warning,critical
87.1687761384591,3.6171793512299604,700.5833333333334,3629.2560400105526,1,42035,synthetic_warning,critical
80.34820329754723,1.8069598747138143,416.4,3335.932425511963,0,24984,,critical
88.8303904012886,4.165074502967792,490.75,3666.657036830243,0,29445,,critical
77.16759806594092,2.938179377495062,452.18333333333334,2958.8528602930173,1,27131,synthetic_warning,critical
78.69854021685634,3.599300979678393,733.1,4230.6504413989605,0,43986,,critical
74.85879823133398,3.6655346294214106,455.6666666666667,3647.0289551441747,1,27340,synthetic_warning,critical
78.3989868619834,4.2280974205728805,627.4833333333333,3201.882249130515,1,37649,synthetic_warning,critical
100.21603825599826,3.121356959162725,676.4166666666666,3463.266357631705,0,40585,,critical
81.40193501845664,1.607271905717802,542.4666666666667,3275.9411593269197,1,32548,synthetic_warning,critical
92.1960261038633,3.2428457100901706,394.78333333333336,4232.068387944753,1,23687,synthetic_warning,critical
80.4732872203967,3.350530143621201,396.3,3444.835153487529,1,23778,synthetic_warning,critical
94.83580371186898,2.424304355644912,663.1666666666666,3630.7901879801084,1,39790,synthetic_warning,critical
78.76526199161816,3.310617990824704,408.73333333333335,3848.3377574586716,0,24524,,critical
88.3530513498558,2.9292361739552812,607.05,3164.801366042438,1,36423,synthetic_warning,critical
88.47566178882055,2.1929345380381173,573.7166666666667,3650.7289223902817,1,34423,synthetic_warning,critical
108.95024802783932,3.703613671256963,605.25,3692.7064960849893,1,36315,synthetic_warning,critical
93.67382759182149,2.777206136826653,616.5833333333334,2741.879013069277,1,36995,synthetic_warning,critical
82.66386387103654,2.8952155889471984,447.96666666666664,3681.4021741643573,1,26878,synthetic_warning,critical
94.16544067285463,2.853065864534687,442.93333333333334,3526.2037262295676,0,26576,,critical
107.24357023436687,4.12660894809811,645.7833333333333,3617.582471900318,0,38747,,critical
73.33327518564134,3.169312878669956,484.48333333333335,3568.527451015095,1,29069,synthetic_warning,critical
80.41766161688146,3.2593248654093663,229.98333333333332,3684.768333934043,0,13799,,critical
85.86792196798035,2.8695228842102023,637.85,4245.418477351603,1,38271,synthetic_warning,critical
84.24620595572244,3.547150116691179,435.65,2936.656145715743,1,26139,synthetic_warning,critical
85.00518971503112,4.211988536338004,616.05,3372.0807855397816,1,36963,synthetic_warning,critical
76.26190960966082,3.68589561311488,727.1333333333333,3896.641687060675,1,43628,synthetic_warning,critical
100.63560448195011,3.7151502210011422,562.0166666666667,3800.081451218514,0,33721,,critical
75.19652261371043,3.6546726544132593,679.5,3788.8908877378835,0,40770,,critical
86.1980847133975,2.1648180175166276,578.45,4981.860152150135,1,34707,synthetic_warning,critical
97.41247532584629,2.5429108762256463,750.4833333333333,3869.350472540687,1,45029,synthetic_warning,critical
87.72833628568732,3.0462594548006554,432.55,4138.087654052613,0,25953,,critical
79.18545249787508,2.655601968130081,559.0166666666667,3390.3225293966957,1,33541,synthetic_warning,critical
75.86191909263438,2.4015972314330014,640.7833333333333,3033.6855655734134,1,38447,synthetic_warning,critical
85.93000723574995,1.7958681943470698,537.15,3386.5549367985104,0,32229,,critical
81.1867339073458,2.1901030901493943,698.2666666666667,3920.2192890985702,0,41896,,critical
89.8470798253268,3.00760583199305,508.15,3761.5504845111714,0,30489,,critical
75.38693967048238,3.1479302248858367,808.3166666666667,3759.6907127114173,1,48499,synthetic_warning,critical
95.31732163198859,2.6052096679020686,814.6666666666666,3438.5409188654935,1,48880,synthetic_warning,critical
89.03994570848018,3.25919390951242,593.85,3355.6226382172526,1,35631,synthetic_warning,critical
89.70852754917229,2.874624769318718,626.3166666666667,3456.4742329674955,0,37579,,critical
100.96969100416015,4.017930190530386,703.0,3926.727234085911,1,42180,synthetic_warning,critical
84.0598405146532,3.0787806769813724,417.53333333333336,3987.1782626486174,1,25052,synthetic_warning,critical
81.46764974740098,3.7222481610512865,402.56666666666666,3026.7543421709615,1,24154,synthetic_warning,critical
83.07012734487814,3.3524103217210195,710.7666666666667,3946.418130904354,0,42646,,critical
86.26726087429068,2.148446720566959,592.8833333333333,3211.6249600067604,0,35573,,critical
87.18131594687804,3.1320063681971186,532.8166666666667,3793.8392589573477,0,31969,,critical
80.52372037058404,2.2732819255034875,561.3333333333334,3450.177813919506,1,33680,synthetic_warning,critical
69.79223272270247,3.1189093713373093,273.68333333333334,4364.210045604272,0,16421,,critical
82.95163899208866,2.6411518870769832,537.1333333333333,3332.6011929298043,1,32228,synthetic_warning,critical
91.23843099658201,3.4864722751136066,469.6333333333333,3642.8781572652874,1,28178,synthetic_warning,critical
89.22632475628143,2.1932342469003494,670.1666666666666,3865.4284419309024,1,40210,synthetic_warning,critical
98.79599022843244,3.211026368959578,679.4,3095.5413979361015,1,40764,synthetic_warning,critical
105.59937889567409,3.629311686922396,629.2,3512.1143311779883,1,37752,synthetic_warning,critical
94.83400394312622,3.8806966769817466,607.45,3411.3758599959688,0,36447,,critical
100.44268578167403,2.626874181586833,380.31666666666666,3282.816988628894,1,22819,synthetic_warning,critical
94.90096863036808,3.2133132291553816,630.8833333333333,3321.3440392287152,1,37853,synthetic_warning,critical
103.38909330334646,3.3381102296836804,635.5333333333333,4128.247591031133,0,38132,,critical
104.65768270862141,4.360344709657076,709.4166666666666,3238.7536179246267,0,42565,,critical
96.56048653701035,2.0890024544373977,814.1833333333333,3844.5320989892352,1,48851,synthetic_warning,critical
94.35742131782126,2.5166730911967132,356.9,3713.589401056195,0,21414,,critical
86.15291045256369,5.30334686955206,513.3833333333333,2823.5703397969087,1,30803,synthetic_warning,critical
87.62796447132482,2.9951770370330193,470.93333333333334,3819.968107981749,1,28256,synthetic_warning,critical
84.95946401784764,1.7817546425725443,580.7,2814.9731309259987,0,34842,,critical
93.5912644980555,2.7630873924888757,561.6,3876.6077506458832,0,33696,,critical
81.51686766376586,1.1233450839017287,531.9166666666666,3286.260345571959,1,31915,synthetic_warning,critical
86.28004411198081,3.380690534342115,683.3166666666667,3554.350971693355,1,40999,synthetic_warning,critical
66.8034710333953,3.807338570208664,427.8333333333333,2876.9744261943038,1,25670,synthetic_warning,critical
103.50780905295258,2.516253217873435,435.06666666666666,3613.6388082745043,1,26104,synthetic_warning,critical
86.01572875672314,2.84695705831137,437.1,4032.014217344722,0,26226,,critical
92.1002239360292,3.8927406165266847,516.7666666666667,3130.377977428237,1,31006,synthetic_warning,critical
101.12008025240262,1.8873384013654473,412.56666666666666,3234.273115205114,0,24754,,critical
90.70264093697062,2.208821590850341,554.1666666666666,3786.4029322550946,1,33250,synthetic_warning,critical
100.99909331884088,3.0289136137132706,540.1333333333333,3799.4015282964083,0,32408,,critical
76.82435969063769,2.6357488718998865,465.6166666666667,2284.2267648275765,1,27937,synthetic_warning,critical
109.57638930637933,2.9795998268948094,664.85,4598.011309167042,1,39891,synthetic_warning,critical
97.78399178639889,2.2521872604451088,552.8666666666667,3824.8478114451323,1,33172,synthetic_warning,critical
89.88282243237977,3.360735114441131,687.5166666666667,3912.39770447554,1,41251,synthetic_warning,critical
100.82571399362901,3.0880751861150086,536.6,3475.3589677357513,0,32196,,critical
77.48228602609565,3.6118928706747746,557.1,2585.2161755528327,0,33426,,critical
85.40246609107456,3.3502996253602193,492.46666666666664,3900.855471850125,0,29548,,critical
100.99825356762142,3.3550175543720178,559.15,3256.102225319939,1,33549,synthetic_warning,critical
71.19645837194531,2.1152694841024147,645.4666666666667,3832.844480975337,0,38728,,critical
93.04411997462924,3.5694436637336544,510.6333333333333,3436.223443463381,0,30638,,critical
92.78958543860638,2.9518501986466688,622.2166666666667,3673.7804771405163,0,37333,,critical
105.72303235139947,3.075051269262787,462.46666666666664,3147.0018816671927,0,27748,,critical
73.75340122249987,3.9861982822931075,651.0833333333334,3999.4822501930444,0,39065,,critical
102.4866795132847,2.6604233326123286,490.4166666666667,2932.0428994820104,1,29425,synthetic_warning,critical
82.96476331165988,4.213388246344251,662.2,4717.696101176379,0,39732,,critical
83.9769148607933,4.28335647452982,567.3166666666667,4713.733290193246,1,34039,synthetic_warning,critical
77.00196051736187,3.764588328023279,742.5166666666667,4399.003784442585,1,44551,synthetic_warning,critical
78.20933166279767,2.464534391924434,421.51666666666665,4213.249072602745,0,25291,,critical
91.63170112708531,1.5602800657798013,382.8666666666667,3506.034853718507,1,22972,synthetic_warning,critical
77.9890127669678,4.009126185694956,486.05,4156.604286988549,1,29163,synthetic_warning,critical
94.66255900287624,3.28353879599831,393.85,3499.9882208964136,1,23631,synthetic_warning,critical
82.03330557727222,2.6411018968839035,394.06666666666666,2742.1708780324407,1,23644,synthetic_warning,critical
77.08269574736217,4.080171757816702,634.5833333333334,4331.664735295958,0,38075,,critical
83.24971768276095,2.553830839341643,559.5,4136.9887207197025,0,33570,,critical
91.03036472580675,2.8818835563267933,502.43333333333334,3533.7036640191736,1,30146,synthetic_warning,critical
85.50382064262082,3.5936677732377458,513.5666666666667,2912.9041861878018,0,30814,,critical
88.30789106499519,2.364797876288842,488.3333333333333,3245.1756481789334,0,29300,,critical
94.26586715652476,3.1178893177947,758.05,2603.004295858495,0,45483,,critical
97.74179306455254,4.016852887935022,471.73333333333335,4041.442043361348,1,28304,synthetic_warning,critical
85.20914222269512,3.3583330577158477,401.35,2716.2793372306264,1,24081,synthetic_warning,critical
78.60200185981458,4.13556975261776,655.5333333333333,3699.152052476272,1,39332,synthetic_warning,critical
88.68485031030265,4.050201768504499,534.1166666666667,3111.279459154562,1,32047,synthetic_warning,critical
92.23584627493665,3.205803750816215,804.65,2808.114208600272,0,48279,,critical
74.85347224625245,1.4474439677319588,496.85,3673.9446485048575,1,29811,synthetic_warning,critical
79.98452532693173,2.3706707785885204,661.5166666666667,3376.424319637744,1,39691,synthetic_warning,critical
81.52731793633353,3.772500584288367,689.8666666666667,3985.8583348211914,0,41392,,critical
86.12960030151662,2.0373114347860346,497.43333333333334,2890.8452602610723,1,29846,synthetic_warning,critical
81.15069486735892,2.9549805585597877,470.85,3156.1963843536123,1,28251,synthetic_warning,critical
94.3633665258721,3.4538604602667746,648.9666666666667,2308.4260515847363,0,38938,,critical
73.55380118687424,4.302178021821133,628.9833333333333,2414.1397251894805,0,37739,,critical
73.78253172525018,2.7687352276591897,390.73333333333335,4485.060053188827,1,23444,synthetic_warning,critical
84.99500069639684,2.7173842181876533,424.5833333333333,4633.471086931828,0,25475,,critical
86.41912476274129,3.160665675128375,255.63333333333333,3598.2176267164555,0,15338,,critical
74.90820514427706,3.463184727357577,631.45,3121.609041728614,0,37887,,critical
82.53926041617191,3.0843148794529296,528.5833333333334,3394.8065587451442,1,31715,synthetic_warning,critical
84.3906056432282,3.986951261664358,540.55,4004.258585292909,0,32433,,critical
84.4603184768007,2.6006421252286462,357.03333333333336,3282.517709692536,0,21422,,critical
89.36693334960363,3.290120700034283,428.23333333333335,3673.5696108616785,1,25694,synthetic_warning,critical
82.04579004018794,3.5339095326852643,502.65,3543.36685374975,0,30159,,critical
101.30052670007446,2.899825392570608,479.31666666666666,3254.2174115569137,0,28759,,critical
92.39384175760215,3.829782452419975,574.1333333333333,3276.379772084227,1,34448,synthetic_warning,critical
80.7359783142281,3.3117189059317624,630.0166666666667,3702.5268532764644,0,37801,,critical
88.85060344030816,3.7916342848642057,832.35,3042.0181690785303,1,49941,synthetic_warning,critical
89.11613786745045,3.3455780810366242,557.6,3784.8992597242286,0,33456,,critical
98.93249327048002,3.4823034286154213,693.85,3304.7789409824254,0,41631,,critical
82.59655813975284,2.7257061823629836,460.4,3616.2309984170797,1,27624,synthetic_warning,critical
94.90604827948516,2.7269212211065827,359.0,4269.660534407651,1,21540,synthetic_warning,critical
88.3766902820423,4.118297359946583,517.7166666666667,3462.5401364819845,1,31063,synthetic_warning,critical
101.42409864803889,3.6766328333902494,368.26666666666665,4028.298256899836,0,22096,,critical
99.61802307375467,2.432776125333199,561.7666666666667,2618.1429149404094,1,33706,synthetic_warning,critical
89.77281374133341,3.3356475684911238,466.35,3305.4112329068907,0,27981,,critical
85.63945641085546,1.419667959848431,325.48333333333335,3564.398082959558,1,19529,synthetic_warning,critical
92.5594531871151,2.769544877225438,768.3166666666667,4550.131953187359,1,46099,synthetic_warning,critical
86.3759497558555,3.9207707574649295,495.5,2530.824916704857,0,29730,,critical
103.12276395380502,3.1061408084666304,363.48333333333335,3499.9708718157563,0,21809,,critical
88.7062307035931,3.2884345022495234,667.7833333333333,4307.478202476457,1,40067,synthetic_warning,critical
84.34921630738447,0.9377140651098417,472.56666666666666,3141.7893892612265,1,28354,synthetic_warning,critical
83.86346422533467,2.9058097863978865,690.8166666666667,3439.3238185786513,1,41449,synthetic_warning,critical
77.08267973321163,3.4537041678704097,472.0,3722.5042722288804,1,28320,synthetic_warning,critical
93.00903215283991,3.548967406548755,495.1,3645.944447935846,1,29706,synthetic_warning,critical
80.61989917624447,3.9217667835007735,601.3833333333333,4364.2006472362955,0,36083,,critical
97.88333426968973,3.042306686169929,631.1833333333333,3783.2063812380807,1,37871,synthetic_warning,critical
76.36358451398584,3.0757581405318883,652.2166666666667,4240.441905667394,1,39133,synthetic_warning,critical
89.14517304075925,2.2009119279426033,549.2333333333333,3362.795654198846,1,32954,synthetic_warning,critical
98.35201382647708,3.0466088456201015,623.4333333333333,3164.9267861498456,1,37406,synthetic_warning,critical
68.62977641838728,2.2538187032016515,649.4833333333333,3432.6239396297897,0,38969,,critical
106.16438989412967,1.8140974101459375,584.0666666666667,2947.266391448847,1,35044,synthetic_warning,critical
84.17243322521702,2.3861154724170666,542.8833333333333,3801.4260820292493,1,32573,synthetic_warning,critical
89.26985843945926,4.331513680852979,386.56666666666666,3349.3433813672723,0,23194,,critical
93.14304302964709,2.9970790988650426,631.9,3200.6697720117127,0,37914,,critical
94.53516150503998,3.3649080222675245,565.0666666666667,3809.302373002921,0,33904,,critical
90.46495544433714,2.814877811601458,510.3666666666667,2955.26779545337,0,30622,,critical
96.97646125335731,1.8570867354110772,713.3333333333334,3950.661151205013,0,42800,,critical
92.67163641629631,3.902084843697281,388.6666666666667,3301.2645579844925,0,23320,,critical
103.84793026029074,1.5708513951083085,757.2833333333333,4152.7301509289755,0,45437,,critical
92.70094788569138,2.7839054924062565,557.3333333333334,3345.7764593206252,1,33440,synthetic_warning,critical
105.68171967894779,3.1590388393624544,598.1,3878.5930266101204,0,35886,,critical
96.1097095621389,3.3728672325723914,512.6,3643.372434361911,0,30756,,critical
71.74824886808564,2.6551477966033477,359.95,3936.828974331533,0,21597,,critical
111.49992410549058,1.8215288877087694,543.25,3607.172383916766,1,32595,synthetic_warning,critical
82.83090302370503,2.5991800307484216,600.1666666666666,2685.0333455815135,0,36010,,critical
101.45989613681562,2.6384315092852533,641.15,4074.5726404059087,1,38469,synthetic_warning,critical
88.24114098807495,2.62017987863369,536.2333333333333,3504.4048803218884,0,32174,,critical
97.54981231842322,3.927543942655703,296.9,3960.5483602245026,1,17814,synthetic_warning,critical
81.80368980220786,2.2897979163956435,375.0,3908.9281679718056,0,22500,,critical
93.63170088780629,3.425734455828619,806.25,3147.8858298741025,0,48375,,critical
85.72128509145035,3.318722777913437,428.9,3074.3063893088456,1,25734,synthetic_warning,critical
102.211028004309,3.920341308103753,731.25,3890.784652753482,1,43875,synthetic_warning,critical
91.94801350675309,3.1001510961973016,447.9166666666667,3392.310504706533,1,26875,synthetic_warning,critical
96.4234837717141,3.7933482253981694,538.1,4036.9432253225787,0,32286,,critical
68.52330815674236,3.0708348964294268,635.0166666666667,3457.335509711228,0,38101,,critical
87.22984588190238,3.5257943949386004,461.5833333333333,4082.17308427311,0,27695,,critical
91.69496471552466,2.07279418456457,751.0666666666667,3770.118331788733,1,45064,synthetic_warning,critical
90.01253415795736,1.2212914427816686,569.0833333333334,3699.7469967313573,0,34145,,critical
96.65041492346066,3.48316014017439,615.3,3355.5141766550573,0,36918,,critical
84.70686179376291,3.5233873445294224,527.8833333333333,3670.8623593119887,1,31673,synthetic_warning,critical
88.43908394531168,3.556626749863912,639.05,4170.283411775409,1,38343,synthetic_warning,critical
98.63104087973493,2.806300613933991,749.45,3521.807961495074,1,44967,synthetic_warning,critical
67.49179896899179,4.31729168915778,544.25,3826.210710715605,1,32655,synthetic_warning,critical
93.30415451474506,2.8550916381972336,767.5666666666667,3574.107239649847,1,46054,synthetic_warning,critical
84.99503656605802,3.5156592647542775,486.6166666666667,3614.7941022276195,1,29197,synthetic_warning,critical
79.7891368790174,3.645977168753059,651.6833333333333,4446.173593607915,1,39101,synthetic_warning,critical
91.02889801848382,4.489055119811833,618.7,4174.899616140567,1,37122,synthetic_warning,critical
99.0470616712779,2.962227785157625,431.76666666666665,3591.2899839017737,1,25906,synthetic_warning,critical
97.35229448335762,2.7101053203281356,585.65,3661.5161257267378,0,35139,,critical
86.78398272184035,2.076390961688508,560.8833333333333,3185.027338153496,1,33653,synthetic_warning,critical
95.88166867384854,4.364275254996855,457.6166666666667,3460.0547959422242,1,27457,synthetic_warning,critical
95.8126110860126,3.516058180286405,602.9666666666667,3710.88684952528,0,36178,,critical
87.2136585655615,3.5397958294207266,577.55,3992.3190665759466,1,34653,synthetic_warning,critical
81.76227503210613,5.53752818099294,551.2833333333333,3939.594866393678,1,33077,synthetic_warning,critical
82.28289371989904,3.4437835558897247,551.7666666666667,2973.1852909296545,1,33106,synthetic_warning,critical
95.54068013981323,2.223258946174976,549.2,4058.0310199528885,1,32952,synthetic_warning,critical
87.62067867658578,3.053072318755268,515.8833333333333,3503.8376867236725,0,30953,,critical
78.5843600224247,2.4689131933635102,576.7833333333333,3036.76449504768,1,34607,synthetic_warning,critical
72.83623448041787,2.903098704062921,482.73333333333335,4244.9200634645995,1,28964,synthetic_warning,critical
95.48648306886741,2.8980577979340447,878.8166666666667,4310.9050783037355,0,52729,,critical
83.07899419962199,2.759731706699713,390.8833333333333,3687.1484308171434,0,23453,,critical
90.97348980090383,2.1550381209834524,489.8333333333333,3918.572672990722,1,29390,synthetic_warning,critical
99.15736216362211,4.394376225254222,499.31666666666666,3949.0735885471045,1,29959,synthetic_warning,critical
76.21967970831864,3.4241360333287956,804.8666666666667,4275.80151946237,1,48292,synthetic_warning,critical
87.5937635753844,3.0308959739748214,401.5833333333333,3928.595633224497,0,24095,,critical
86.46375268403017,3.7682283721368073,611.1166666666667,2859.6020957319442,0,36667,,critical
91.41768588065165,3.5533004561370434,589.8,4595.100029464987,0,35388,,critical
99.15243998578391,3.406768049556536,600.0333333333333,4104.141582529623,1,36002,synthetic_warning,critical
76.03493366803833,3.7137485545751203,708.3666666666667,3285.0474132581626,1,42502,synthetic_warning,critical
93.1281815383519,3.3004510578189925,705.9,3014.594962374147,0,42354,,critical
97.28371397494331,3.702666092743694,505.8833333333333,3812.5029838101236,1,30353,synthetic_warning,critical
86.32260642438895,3.7648342256583316,583.2833333333333,3405.304780048859,0,34997,,critical
86.76297706396188,3.3220390512746025,336.3,3721.597584079459,1,20178,synthetic_warning,critical
91.7660443208643,3.0347041298779134,571.8833333333333,3936.571557464697,1,34313,synthetic_warning,critical
91.10335370100809,4.347798351090432,464.71666666666664,3255.4502182416663,1,27883,synthetic_warning,critical
93.2411734663041,2.841573845169925,537.6333333333333,2969.6238438041446,1,32258,synthetic_warning,critical
93.05152473761095,3.4934852003205097,357.75,3750.625603293429,0,21465,,critical
79.16224924945914,3.5104313080543,608.5833333333334,3272.638315255974,1,36515,synthetic_warning,critical
96.91239847934449,2.7428316108022734,356.4166666666667,3625.9698085808473,0,21385,,critical
98.50104845971214,2.59413321101638,577.8,2851.4702527796226,0,34668,,critical
89.67474604321268,2.934610984347612,412.81666666666666,3418.8649832731885,0,24769,,critical
74.552602241053,2.830837360118294,458.05,3921.7749833407984,0,27483,,critical
86.96728864599919,2.1064020787708513,698.5666666666667,3865.0849039763343,0,41914,,critical
89.74965289246512,2.7113786881105435,630.55,3140.0538551459003,0,37833,,critical
77.69859785991865,3.3996672384759217,697.9,2942.502527954613,1,41874,synthetic_warning,critical
84.75875742780688,4.149457688111449,747.1666666666666,3558.197118670932,0,44830,,critical
75.31567551197313,3.6157935013802254,467.26666666666665,3841.7370544500927,0,28036,,critical
93.465630024878,1.2503491262223214,739.8833333333333,3760.6910729001265,1,44393,synthetic_warning,critical
89.49359783411846,3.680977786067996,384.1333333333333,3283.676880932119,0,23048,,critical
73.1879515166718,2.781386160578212,649.5333333333333,3704.8687100930338,1,38972,synthetic_warning,critical
91.16318375423782,3.5398100560158223,500.8,4331.224845063517,0,30048,,critical
87.49141947348738,3.189398555592029,448.3666666666667,3656.675237400694,1,26902,synthetic_warning,critical
92.64772854478964,3.055484280434879,633.7333333333333,2700.7630733743176,0,38024,,critical
84.47620809620115,3.1233232040283943,673.4,3655.6641758123337,1,40404,synthetic_warning,critical
80.78668539331278,3.1831817687976653,669.8333333333334,4612.857625030557,0,40190,,critical
81.06239836187974,4.2083037290676835,585.7833333333333,2880.5567771798906,1,35147,synthetic_warning,critical
83.15646805106435,3.1852548596861845,575.8333333333334,3565.4568241510915,0,34550,,critical
88.16942586922943,4.014152099885901,623.2166666666667,3432.30557482329,1,37393,synthetic_warning,critical
89.33162618882312,3.904929399384243,596.45,3599.8591388230334,0,35787,,critical
86.28352109972707,3.70028416068774,624.9666666666667,3651.011119639961,1,37498,synthetic_warning,critical
84.19012405903133,1.860035884902742,584.4833333333333,4142.78543275272,1,35069,synthetic_warning,critical
84.83737058795066,4.037474492121206,661.1333333333333,3594.0873089284214,1,39668,synthetic_warning,critical
110.5695230695624,2.8565740293983093,364.73333333333335,4214.174969750265,0,21884,,critical
81.06347363651612,3.7367954608060794,544.25,3488.8190574310293,1,32655,synthetic_warning,critical
82.97825192308427,2.47060037506969,393.93333333333334,3367.9288775331906,0,23636,,critical
117.64468697531333,2.3111944675225584,593.2,3202.024848819925,1,35592,synthetic_warning,critical
91.78911972214497,4.6822915526234,757.0333333333333,2605.1147448575202,0,45422,,critical
75.58017400686674,2.4822626998714146,503.1166666666667,3693.406334201437,1,30187,synthetic_warning,critical
95.58418483579537,4.059579979288811,575.2666666666667,4618.0801500053585,1,34516,synthetic_warning,critical
79.80964999718967,3.288815241077391,650.7833333333333,3788.282448188648,1,39047,synthetic_warning,critical
96.18155357024588,2.8849099562298717,311.8666666666667,3907.1086241640733,1,18712,synthetic_warning,critical
86.10133948566387,3.1663783367523455,497.35,3335.2237109924836,1,29841,synthetic_warning,critical
84.04183735459533,2.224179127601517,603.75,3422.946636537691,1,36225,synthetic_warning,critical
102.48248471944825,3.1896842152930773,212.36666666666667,4062.0135739332964,1,12742,synthetic_warning,critical
93.0976121739332,2.3879447645780303,442.78333333333336,4594.520692950707,0,26567,,critical
96.75690493704286,2.903417154264511,692.1,4323.732926614346,1,41526,synthetic_warning,critical
91.91427711567951,3.8939746729771825,680.3666666666667,3968.7272074585717,0,40822,,critical
83.99999928586212,3.390643007418243,604.9166666666666,3568.2783012830646,1,36295,synthetic_warning,critical
93.50218978232387,2.088372125839609,665.8666666666667,3659.053835419008,1,39952,synthetic_warning,critical
98.88293853416015,3.8386160951854027,585.8166666666667,3158.1761938973077,1,35149,synthetic_warning,critical
89.21264239165798,3.194675178568143,626.65,2796.9528889226185,1,37599,synthetic_warning,critical
104.21478343911855,2.7933610486929963,522.1166666666667,2964.064853964831,1,31327,synthetic_warning,critical
95.65438482881717,3.7600072279316983,573.9,3575.8960179514074,0,34434,,critical
89.9078429479445,3.0745948722672485,484.1166666666667,3398.164024058128,0,29047,,critical
90.26337877916036,2.3257539950707153,711.6166666666667,2785.890313545764,0,42697,,critical
89.23513416070863,4.585857283587203,742.5833333333334,3530.5918428941372,1,44555,synthetic_warning,critical
76.73885092964508,3.1870344178317596,725.5833333333334,3384.4162312777084,1,43535,synthetic_warning,critical
87.18935023772255,3.1389610966383374,511.03333333333336,2940.1185952522783,0,30662,,critical
89.9906783680705,2.8961711212020576,445.55,3357.5069144775634,1,26733,synthetic_warning,critical
84.25523390860124,4.084974304593192,713.2333333333333,3383.104439627501,1,42794,synthetic_warning,critical
91.03909316834225,2.80634111889347,625.2666666666667,3229.3486872392773,1,37516,synthetic_warning,critical
88.191767413196,2.0412651058912967,599.4333333333333,4031.868485683489,1,35966,synthetic_warning,critical
94.96322701988892,2.6909917535780163,483.96666666666664,2560.491187711478,0,29038,,critical
93.96801142959158,4.195080950341095,611.0833333333334,2517.384524830295,1,36665,synthetic_warning,critical
89.50437958826357,3.8240991210928383,429.76666666666665,3551.708607913528,1,25786,synthetic_warning,critical
75.69508397828201,3.0087382605051043,636.0833333333334,3599.986138483999,0,38165,,critical
104.11650464813053,4.229941356230356,725.4666666666667,3760.191870729866,0,43528,,critical
86.7229810128597,3.760956671616412,755.7333333333333,3269.733775694871,1,45344,synthetic_warning,critical
87.27202191674381,3.000057977274045,645.0166666666667,3072.6796213519874,1,38701,synthetic_warning,critical
84.91731236170551,3.0755676086741905,394.15,3546.195610998627,0,23649,,critical
83.60429509541017,3.446988298959076,583.6833333333333,3320.379369619042,1,35021,synthetic_warning,critical
101.89652243200472,2.5760847877521384,816.7666666666667,4356.557130420961,1,49006,synthetic_warning,critical
57.0,0.3,0.5,56.3,1,30,status_warning,monitor
60.2,0.39,0.5833333333333334,52.98,0,35,,monitor
58.96,0.3,0.6833333333333333,50.61,0,41,,monitor
59.68,0.439,0.7833333333333333,50.61,0,47,,monitor
60.61,0.368,0.8833333333333333,54.79,0,53,,monitor
63.34,0.327,0.9666666666666667,49.47,0,58,,monitor
63.85,0.345,1.0666666666666667,52.06,0,64,,monitor
64.82,0.491,1.1666666666666667,46.58,0,70,,monitor
64.83,0.407,1.2666666666666666,47.58,0,76,,monitor
64.48,0.352,1.3666666666666667,45.17,0,82,,monitor
63.37,0.446,1.45,43.2,0,87,,monitor
63.39,0.468,1.55,39.59,0,93,,monitor
64.06,0.49,1.65,38.88,0,99,,monitor
61.97,0.36,1.75,36.41,0,105,,monitor
61.74,0.349,1.85,39.51,0,111,,monitor
61.59,0.426,1.9333333333333333,33.2,1,116,status_warning,monitor
61.74,0.503,2.033333333333333,35.03,0,122,,monitor
60.02,0.398,2.1333333333333333,31.32,0,128,,monitor
60.15,0.362,2.2333333333333334,33.7,0,134,,monitor
58.65,0.405,2.3333333333333335,31.58,0,140,,monitor
58.16,0.358,2.4166666666666665,29.58,0,145,,monitor
56.0,0.37,2.5166666666666666,31.92,0,151,,normal
54.89,0.361,2.6166666666666667,33.0,0,157,,normal
52.87,0.411,2.716666666666667,29.62,0,163,,normal
52.16,0.281,2.816666666666667,30.99,0,169,,normal
51.77,0.401,2.9,29.59,0,174,,normal
52.93,0.391,3.0,33.71,0,180,,normal
52.33,0.361,3.1,30.84,0,186,,normal
51.31,0.252,3.2,33.86,0,192,,normal
52.44,0.343,3.3,35.63,0,198,,normal
51.55,0.244,3.3833333333333333,39.23,1,203,status_warning,monitor
51.11,0.216,3.4833333333333334,37.54,0,209,,normal
53.12,0.329,3.5833333333333335,43.21,0,215,,normal
52.27,0.313,3.683333333333333,44.52,0,221,,normal
55.33,0.268,3.783333333333333,43.63,0,227,,normal
54.69,0.245,3.8666666666666667,47.9,0,232,,normal
57.32,0.252,3.966666666666667,49.51,0,238,,normal
58.3,0.34,4.066666666666666,49.01,0,244,,monitor
59.8,0.24,4.166666666666667,50.28,0,250,,monitor
58.59,0.351,4.266666666666667,51.09,0,256,,monitor
60.34,0.353,4.35,53.71,0,261,,monitor
61.84,0.337,4.45,53.33,0,267,,monitor
61.84,0.241,4.55,50.52,0,273,,monitor
63.54,0.297,4.65,53.98,0,279,,monitor
63.4,0.214,4.75,52.3,0,285,,monitor
64.83,0.231,4.833333333333333,54.67,1,290,status_warning,monitor
64.8,0.269,4.933333333333334,55.6,0,296,,monitor
64.2,0.238,5.033333333333333,50.4,0,302,,monitor
63.44,0.318,5.133333333333334,49.28,0,308,,monitor
64.81,0.257,5.233333333333333,50.65,0,314,,monitor
62.72,0.417,5.316666666666666,50.33,0,319,,monitor
63.39,0.347,5.416666666666667,50.76,0,325,,monitor
61.53,0.357,5.516666666666667,49.95,0,331,,monitor
60.75,0.347,5.616666666666666,43.95,0,337,,monitor
61.67,0.436,5.716666666666667,43.27,0,343,,monitor
59.13,0.355,5.8,44.86,0,348,,monitor
58.55,0.413,5.9,42.05,0,354,,monitor
57.55,0.36,6.0,38.38,0,360,,normal
57.66,0.406,6.1,39.68,0,366,,normal
56.72,0.351,6.2,37.78,0,372,,normal
46.6,0.68,6.283333333333333,1680.0,1,377,status_warning,monitor
47.29,0.741,6.383333333333334,1734.64,0,383,,normal
47.95,0.742,6.483333333333333,1661.59,0,389,,normal
49.22,0.582,6.583333333333333,1543.89,0,395,,normal
50.69,0.621,6.683333333333334,1623.63,0,401,,normal
50.31,0.808,6.766666666666667,1621.91,0,406,,normal
49.86,0.693,6.866666666666666,1532.9,0,412,,normal
50.33,0.816,6.966666666666667,1732.74,0,418,,normal
52.1,0.816,7.066666666666666,1583.66,0,424,,normal
51.17,0.834,7.166666666666667,1610.87,0,430,,normal
50.95,0.858,7.25,1507.61,0,435,,normal
49.64,0.74,7.35,1500.14,0,441,,normal
48.28,0.728,7.45,1427.75,0,447,,normal
48.08,0.734,7.55,1527.72,0,453,,normal
47.37,0.816,7.65,1345.35,0,459,,normal
47.81,0.816,7.733333333333333,1490.94,0,464,,normal
46.81,0.673,7.833333333333333,1264.79,0,470,,normal
43.82,0.748,7.933333333333334,1510.19,0,476,,normal
44.59,0.671,8.033333333333333,1296.45,0,482,,normal
43.04,0.582,8.133333333333333,1208.83,0,488,,normal
42.62,0.642,8.216666666666667,1238.61,1,493,status_warning,monitor
42.54,0.551,8.316666666666666,1340.03,0,499,,normal
42.34,0.65,8.416666666666666,1283.33,0,505,,normal
41.73,0.698,8.516666666666667,1204.71,0,511,,normal
40.02,0.558,8.616666666666667,1348.35,0,517,,normal
40.71,0.587,8.7,1217.4,0,522,,normal
42.58,0.629,8.8,1246.99,0,528,,normal
42.14,0.462,8.9,1105.2,0,534,,normal
42.84,0.456,9.0,1169.1,0,540,,normal
42.68,0.584,9.1,1090.71,0,546,,normal
44.4,0.393,9.183333333333334,1203.03,0,551,,normal
44.38,0.456,9.283333333333333,1328.01,0,557,,normal
47.28,0.411,9.383333333333333,1124.58,0,563,,normal
47.56,0.48,9.483333333333333,1215.64,0,569,,normal
49.37,0.442,9.583333333333334,1320.04,0,575,,normal
49.38,0.436,9.666666666666666,1410.62,0,580,,normal
51.17,0.564,9.766666666666667,1328.2,0,586,,normal
51.39,0.584,9.866666666666667,1187.55,0,592,,normal
52.04,0.427,9.966666666666667,1249.43,0,598,,normal
51.19,0.602,10.066666666666666,1452.59,0,604,,normal
50.05,0.469,10.15,1283.76,1,609,status_warning,monitor
50.2,0.628,10.25,1529.64,0,615,,normal
49.87,0.668,10.35,1398.94,0,621,,normal
48.67,0.539,10.45,1472.38,0,627,,normal
48.32,0.57,10.55,1495.63,0,633,,normal
48.26,0.612,10.633333333333333,1468.41,0,638,,normal
46.21,0.563,10.733333333333333,1417.41,0,644,,normal
45.92,0.663,10.833333333333334,1421.37,0,650,,normal
44.23,0.801,10.933333333333334,1609.0,0,656,,normal
44.17,0.679,11.033333333333333,1498.05,0,662,,normal
42.48,0.784,11.116666666666667,1487.29,0,667,,normal
42.8,0.756,11.216666666666667,1563.5,0,673,,normal
40.96,0.767,11.316666666666666,1535.49,0,679,,normal
40.99,0.684,11.416666666666666,1633.12,0,685,,normal
41.6,0.719,11.516666666666667,1708.24,0,691,,normal
41.7,0.82,11.6,1641.75,0,696,,normal
41.0,0.798,11.7,1548.59,0,702,,normal
40.7,0.784,11.8,1747.72,0,708,,normal
40.69,0.656,11.9,1771.15,0,714,,normal
43.43,0.726,12.0,1646.89,0,720,,normal
